Algorithms,Algorithm_ID,DPA_METHODS,FEE_METHODS,FES_METHODS,CLF_METHODS,END_METHODS,END_TO_END_METHODS,DPA_METHODS_ID,FEE_METHODS_ID,FES_METHODS_ID,CLF_METHODS_ID,END_METHODS_ID,END_TO_END_METHODS_ID
TLDUMMY-CSP-SVM,"[0, 1, 0, 1, 0, 0]",TLDUMMY,CSP,,SVM,,,0,1,0,1,0,0
TLDUMMY-CSP-LDA,"[0, 1, 0, 2, 0, 0]",TLDUMMY,CSP,,LDA,,,0,1,0,2,0,0
TLDUMMY-CSP-LR,"[0, 1, 0, 3, 0, 0]",TLDUMMY,CSP,,LR,,,0,1,0,3,0,0
TLDUMMY-CSP-KNN,"[0, 1, 0, 4, 0, 0]",TLDUMMY,CSP,,KNN,,,0,1,0,4,0,0
TLDUMMY-CSP-DTC,"[0, 1, 0, 5, 0, 0]",TLDUMMY,CSP,,DTC,,,0,1,0,5,0,0
TLDUMMY-CSP-RFC,"[0, 1, 0, 6, 0, 0]",TLDUMMY,CSP,,RFC,,,0,1,0,6,0,0
TLDUMMY-CSP-ETC,"[0, 1, 0, 7, 0, 0]",TLDUMMY,CSP,,ETC,,,0,1,0,7,0,0
TLDUMMY-CSP-ABC,"[0, 1, 0, 8, 0, 0]",TLDUMMY,CSP,,ABC,,,0,1,0,8,0,0
TLDUMMY-CSP-GBC,"[0, 1, 0, 9, 0, 0]",TLDUMMY,CSP,,GBC,,,0,1,0,9,0,0
TLDUMMY-CSP-GNB,"[0, 1, 0, 10, 0, 0]",TLDUMMY,CSP,,GNB,,,0,1,0,10,0,0
TLDUMMY-CSP-MLP,"[0, 1, 0, 11, 0, 0]",TLDUMMY,CSP,,MLP,,,0,1,0,11,0,0
TLDUMMY-CSP-ANOVA-K-SVM,"[0, 1, 1, 1, 0, 0]",TLDUMMY,CSP,ANOVA-K,SVM,,,0,1,1,1,0,0
TLDUMMY-CSP-ANOVA-K-LDA,"[0, 1, 1, 2, 0, 0]",TLDUMMY,CSP,ANOVA-K,LDA,,,0,1,1,2,0,0
TLDUMMY-CSP-ANOVA-K-LR,"[0, 1, 1, 3, 0, 0]",TLDUMMY,CSP,ANOVA-K,LR,,,0,1,1,3,0,0
TLDUMMY-CSP-ANOVA-K-KNN,"[0, 1, 1, 4, 0, 0]",TLDUMMY,CSP,ANOVA-K,KNN,,,0,1,1,4,0,0
TLDUMMY-CSP-ANOVA-K-DTC,"[0, 1, 1, 5, 0, 0]",TLDUMMY,CSP,ANOVA-K,DTC,,,0,1,1,5,0,0
TLDUMMY-CSP-ANOVA-K-RFC,"[0, 1, 1, 6, 0, 0]",TLDUMMY,CSP,ANOVA-K,RFC,,,0,1,1,6,0,0
TLDUMMY-CSP-ANOVA-K-ETC,"[0, 1, 1, 7, 0, 0]",TLDUMMY,CSP,ANOVA-K,ETC,,,0,1,1,7,0,0
TLDUMMY-CSP-ANOVA-K-ABC,"[0, 1, 1, 8, 0, 0]",TLDUMMY,CSP,ANOVA-K,ABC,,,0,1,1,8,0,0
TLDUMMY-CSP-ANOVA-K-GBC,"[0, 1, 1, 9, 0, 0]",TLDUMMY,CSP,ANOVA-K,GBC,,,0,1,1,9,0,0
TLDUMMY-CSP-ANOVA-K-GNB,"[0, 1, 1, 10, 0, 0]",TLDUMMY,CSP,ANOVA-K,GNB,,,0,1,1,10,0,0
TLDUMMY-CSP-ANOVA-K-MLP,"[0, 1, 1, 11, 0, 0]",TLDUMMY,CSP,ANOVA-K,MLP,,,0,1,1,11,0,0
TLDUMMY-CSP-ANOVA-P-SVM,"[0, 1, 2, 1, 0, 0]",TLDUMMY,CSP,ANOVA-P,SVM,,,0,1,2,1,0,0
TLDUMMY-CSP-ANOVA-P-LDA,"[0, 1, 2, 2, 0, 0]",TLDUMMY,CSP,ANOVA-P,LDA,,,0,1,2,2,0,0
TLDUMMY-CSP-ANOVA-P-LR,"[0, 1, 2, 3, 0, 0]",TLDUMMY,CSP,ANOVA-P,LR,,,0,1,2,3,0,0
TLDUMMY-CSP-ANOVA-P-KNN,"[0, 1, 2, 4, 0, 0]",TLDUMMY,CSP,ANOVA-P,KNN,,,0,1,2,4,0,0
TLDUMMY-CSP-ANOVA-P-DTC,"[0, 1, 2, 5, 0, 0]",TLDUMMY,CSP,ANOVA-P,DTC,,,0,1,2,5,0,0
TLDUMMY-CSP-ANOVA-P-RFC,"[0, 1, 2, 6, 0, 0]",TLDUMMY,CSP,ANOVA-P,RFC,,,0,1,2,6,0,0
TLDUMMY-CSP-ANOVA-P-ETC,"[0, 1, 2, 7, 0, 0]",TLDUMMY,CSP,ANOVA-P,ETC,,,0,1,2,7,0,0
TLDUMMY-CSP-ANOVA-P-ABC,"[0, 1, 2, 8, 0, 0]",TLDUMMY,CSP,ANOVA-P,ABC,,,0,1,2,8,0,0
TLDUMMY-CSP-ANOVA-P-GBC,"[0, 1, 2, 9, 0, 0]",TLDUMMY,CSP,ANOVA-P,GBC,,,0,1,2,9,0,0
TLDUMMY-CSP-ANOVA-P-GNB,"[0, 1, 2, 10, 0, 0]",TLDUMMY,CSP,ANOVA-P,GNB,,,0,1,2,10,0,0
TLDUMMY-CSP-ANOVA-P-MLP,"[0, 1, 2, 11, 0, 0]",TLDUMMY,CSP,ANOVA-P,MLP,,,0,1,2,11,0,0
TLDUMMY-CSP-MIC-K-SVM,"[0, 1, 3, 1, 0, 0]",TLDUMMY,CSP,MIC-K,SVM,,,0,1,3,1,0,0
TLDUMMY-CSP-MIC-K-LDA,"[0, 1, 3, 2, 0, 0]",TLDUMMY,CSP,MIC-K,LDA,,,0,1,3,2,0,0
TLDUMMY-CSP-MIC-K-LR,"[0, 1, 3, 3, 0, 0]",TLDUMMY,CSP,MIC-K,LR,,,0,1,3,3,0,0
TLDUMMY-CSP-MIC-K-KNN,"[0, 1, 3, 4, 0, 0]",TLDUMMY,CSP,MIC-K,KNN,,,0,1,3,4,0,0
TLDUMMY-CSP-MIC-K-DTC,"[0, 1, 3, 5, 0, 0]",TLDUMMY,CSP,MIC-K,DTC,,,0,1,3,5,0,0
TLDUMMY-CSP-MIC-K-RFC,"[0, 1, 3, 6, 0, 0]",TLDUMMY,CSP,MIC-K,RFC,,,0,1,3,6,0,0
TLDUMMY-CSP-MIC-K-ETC,"[0, 1, 3, 7, 0, 0]",TLDUMMY,CSP,MIC-K,ETC,,,0,1,3,7,0,0
TLDUMMY-CSP-MIC-K-ABC,"[0, 1, 3, 8, 0, 0]",TLDUMMY,CSP,MIC-K,ABC,,,0,1,3,8,0,0
TLDUMMY-CSP-MIC-K-GBC,"[0, 1, 3, 9, 0, 0]",TLDUMMY,CSP,MIC-K,GBC,,,0,1,3,9,0,0
TLDUMMY-CSP-MIC-K-GNB,"[0, 1, 3, 10, 0, 0]",TLDUMMY,CSP,MIC-K,GNB,,,0,1,3,10,0,0
TLDUMMY-CSP-MIC-K-MLP,"[0, 1, 3, 11, 0, 0]",TLDUMMY,CSP,MIC-K,MLP,,,0,1,3,11,0,0
TLDUMMY-CSP-MIC-P-SVM,"[0, 1, 4, 1, 0, 0]",TLDUMMY,CSP,MIC-P,SVM,,,0,1,4,1,0,0
TLDUMMY-CSP-MIC-P-LDA,"[0, 1, 4, 2, 0, 0]",TLDUMMY,CSP,MIC-P,LDA,,,0,1,4,2,0,0
TLDUMMY-CSP-MIC-P-LR,"[0, 1, 4, 3, 0, 0]",TLDUMMY,CSP,MIC-P,LR,,,0,1,4,3,0,0
TLDUMMY-CSP-MIC-P-KNN,"[0, 1, 4, 4, 0, 0]",TLDUMMY,CSP,MIC-P,KNN,,,0,1,4,4,0,0
TLDUMMY-CSP-MIC-P-DTC,"[0, 1, 4, 5, 0, 0]",TLDUMMY,CSP,MIC-P,DTC,,,0,1,4,5,0,0
TLDUMMY-CSP-MIC-P-RFC,"[0, 1, 4, 6, 0, 0]",TLDUMMY,CSP,MIC-P,RFC,,,0,1,4,6,0,0
TLDUMMY-CSP-MIC-P-ETC,"[0, 1, 4, 7, 0, 0]",TLDUMMY,CSP,MIC-P,ETC,,,0,1,4,7,0,0
TLDUMMY-CSP-MIC-P-ABC,"[0, 1, 4, 8, 0, 0]",TLDUMMY,CSP,MIC-P,ABC,,,0,1,4,8,0,0
TLDUMMY-CSP-MIC-P-GBC,"[0, 1, 4, 9, 0, 0]",TLDUMMY,CSP,MIC-P,GBC,,,0,1,4,9,0,0
TLDUMMY-CSP-MIC-P-GNB,"[0, 1, 4, 10, 0, 0]",TLDUMMY,CSP,MIC-P,GNB,,,0,1,4,10,0,0
TLDUMMY-CSP-MIC-P-MLP,"[0, 1, 4, 11, 0, 0]",TLDUMMY,CSP,MIC-P,MLP,,,0,1,4,11,0,0
TLDUMMY-CSP-PCA-SVM,"[0, 1, 5, 1, 0, 0]",TLDUMMY,CSP,PCA,SVM,,,0,1,5,1,0,0
TLDUMMY-CSP-PCA-LDA,"[0, 1, 5, 2, 0, 0]",TLDUMMY,CSP,PCA,LDA,,,0,1,5,2,0,0
TLDUMMY-CSP-PCA-LR,"[0, 1, 5, 3, 0, 0]",TLDUMMY,CSP,PCA,LR,,,0,1,5,3,0,0
TLDUMMY-CSP-PCA-KNN,"[0, 1, 5, 4, 0, 0]",TLDUMMY,CSP,PCA,KNN,,,0,1,5,4,0,0
TLDUMMY-CSP-PCA-DTC,"[0, 1, 5, 5, 0, 0]",TLDUMMY,CSP,PCA,DTC,,,0,1,5,5,0,0
TLDUMMY-CSP-PCA-RFC,"[0, 1, 5, 6, 0, 0]",TLDUMMY,CSP,PCA,RFC,,,0,1,5,6,0,0
TLDUMMY-CSP-PCA-ETC,"[0, 1, 5, 7, 0, 0]",TLDUMMY,CSP,PCA,ETC,,,0,1,5,7,0,0
TLDUMMY-CSP-PCA-ABC,"[0, 1, 5, 8, 0, 0]",TLDUMMY,CSP,PCA,ABC,,,0,1,5,8,0,0
TLDUMMY-CSP-PCA-GBC,"[0, 1, 5, 9, 0, 0]",TLDUMMY,CSP,PCA,GBC,,,0,1,5,9,0,0
TLDUMMY-CSP-PCA-GNB,"[0, 1, 5, 10, 0, 0]",TLDUMMY,CSP,PCA,GNB,,,0,1,5,10,0,0
TLDUMMY-CSP-PCA-MLP,"[0, 1, 5, 11, 0, 0]",TLDUMMY,CSP,PCA,MLP,,,0,1,5,11,0,0
TLDUMMY-CSP-LASSO-SVM,"[0, 1, 6, 1, 0, 0]",TLDUMMY,CSP,LASSO,SVM,,,0,1,6,1,0,0
TLDUMMY-CSP-LASSO-LDA,"[0, 1, 6, 2, 0, 0]",TLDUMMY,CSP,LASSO,LDA,,,0,1,6,2,0,0
TLDUMMY-CSP-LASSO-LR,"[0, 1, 6, 3, 0, 0]",TLDUMMY,CSP,LASSO,LR,,,0,1,6,3,0,0
TLDUMMY-CSP-LASSO-KNN,"[0, 1, 6, 4, 0, 0]",TLDUMMY,CSP,LASSO,KNN,,,0,1,6,4,0,0
TLDUMMY-CSP-LASSO-DTC,"[0, 1, 6, 5, 0, 0]",TLDUMMY,CSP,LASSO,DTC,,,0,1,6,5,0,0
TLDUMMY-CSP-LASSO-RFC,"[0, 1, 6, 6, 0, 0]",TLDUMMY,CSP,LASSO,RFC,,,0,1,6,6,0,0
TLDUMMY-CSP-LASSO-ETC,"[0, 1, 6, 7, 0, 0]",TLDUMMY,CSP,LASSO,ETC,,,0,1,6,7,0,0
TLDUMMY-CSP-LASSO-ABC,"[0, 1, 6, 8, 0, 0]",TLDUMMY,CSP,LASSO,ABC,,,0,1,6,8,0,0
TLDUMMY-CSP-LASSO-GBC,"[0, 1, 6, 9, 0, 0]",TLDUMMY,CSP,LASSO,GBC,,,0,1,6,9,0,0
TLDUMMY-CSP-LASSO-GNB,"[0, 1, 6, 10, 0, 0]",TLDUMMY,CSP,LASSO,GNB,,,0,1,6,10,0,0
TLDUMMY-CSP-LASSO-MLP,"[0, 1, 6, 11, 0, 0]",TLDUMMY,CSP,LASSO,MLP,,,0,1,6,11,0,0
TLDUMMY-CSP-RFE-SVM,"[0, 1, 7, 1, 0, 0]",TLDUMMY,CSP,RFE,SVM,,,0,1,7,1,0,0
TLDUMMY-CSP-RFE-LDA,"[0, 1, 7, 2, 0, 0]",TLDUMMY,CSP,RFE,LDA,,,0,1,7,2,0,0
TLDUMMY-CSP-RFE-LR,"[0, 1, 7, 3, 0, 0]",TLDUMMY,CSP,RFE,LR,,,0,1,7,3,0,0
TLDUMMY-CSP-RFE-KNN,"[0, 1, 7, 4, 0, 0]",TLDUMMY,CSP,RFE,KNN,,,0,1,7,4,0,0
TLDUMMY-CSP-RFE-DTC,"[0, 1, 7, 5, 0, 0]",TLDUMMY,CSP,RFE,DTC,,,0,1,7,5,0,0
TLDUMMY-CSP-RFE-RFC,"[0, 1, 7, 6, 0, 0]",TLDUMMY,CSP,RFE,RFC,,,0,1,7,6,0,0
TLDUMMY-CSP-RFE-ETC,"[0, 1, 7, 7, 0, 0]",TLDUMMY,CSP,RFE,ETC,,,0,1,7,7,0,0
TLDUMMY-CSP-RFE-ABC,"[0, 1, 7, 8, 0, 0]",TLDUMMY,CSP,RFE,ABC,,,0,1,7,8,0,0
TLDUMMY-CSP-RFE-GBC,"[0, 1, 7, 9, 0, 0]",TLDUMMY,CSP,RFE,GBC,,,0,1,7,9,0,0
TLDUMMY-CSP-RFE-GNB,"[0, 1, 7, 10, 0, 0]",TLDUMMY,CSP,RFE,GNB,,,0,1,7,10,0,0
TLDUMMY-CSP-RFE-MLP,"[0, 1, 7, 11, 0, 0]",TLDUMMY,CSP,RFE,MLP,,,0,1,7,11,0,0
TLDUMMY-CSP-RFECV-SVM,"[0, 1, 8, 1, 0, 0]",TLDUMMY,CSP,RFECV,SVM,,,0,1,8,1,0,0
TLDUMMY-CSP-RFECV-LDA,"[0, 1, 8, 2, 0, 0]",TLDUMMY,CSP,RFECV,LDA,,,0,1,8,2,0,0
TLDUMMY-CSP-RFECV-LR,"[0, 1, 8, 3, 0, 0]",TLDUMMY,CSP,RFECV,LR,,,0,1,8,3,0,0
TLDUMMY-CSP-RFECV-KNN,"[0, 1, 8, 4, 0, 0]",TLDUMMY,CSP,RFECV,KNN,,,0,1,8,4,0,0
TLDUMMY-CSP-RFECV-DTC,"[0, 1, 8, 5, 0, 0]",TLDUMMY,CSP,RFECV,DTC,,,0,1,8,5,0,0
TLDUMMY-CSP-RFECV-RFC,"[0, 1, 8, 6, 0, 0]",TLDUMMY,CSP,RFECV,RFC,,,0,1,8,6,0,0
TLDUMMY-CSP-RFECV-ETC,"[0, 1, 8, 7, 0, 0]",TLDUMMY,CSP,RFECV,ETC,,,0,1,8,7,0,0
TLDUMMY-CSP-RFECV-ABC,"[0, 1, 8, 8, 0, 0]",TLDUMMY,CSP,RFECV,ABC,,,0,1,8,8,0,0
TLDUMMY-CSP-RFECV-GBC,"[0, 1, 8, 9, 0, 0]",TLDUMMY,CSP,RFECV,GBC,,,0,1,8,9,0,0
TLDUMMY-CSP-RFECV-GNB,"[0, 1, 8, 10, 0, 0]",TLDUMMY,CSP,RFECV,GNB,,,0,1,8,10,0,0
TLDUMMY-CSP-RFECV-MLP,"[0, 1, 8, 11, 0, 0]",TLDUMMY,CSP,RFECV,MLP,,,0,1,8,11,0,0
TLDUMMY-TRCSP-SVM,"[0, 2, 0, 1, 0, 0]",TLDUMMY,TRCSP,,SVM,,,0,2,0,1,0,0
TLDUMMY-TRCSP-LDA,"[0, 2, 0, 2, 0, 0]",TLDUMMY,TRCSP,,LDA,,,0,2,0,2,0,0
TLDUMMY-TRCSP-LR,"[0, 2, 0, 3, 0, 0]",TLDUMMY,TRCSP,,LR,,,0,2,0,3,0,0
TLDUMMY-TRCSP-KNN,"[0, 2, 0, 4, 0, 0]",TLDUMMY,TRCSP,,KNN,,,0,2,0,4,0,0
TLDUMMY-TRCSP-DTC,"[0, 2, 0, 5, 0, 0]",TLDUMMY,TRCSP,,DTC,,,0,2,0,5,0,0
TLDUMMY-TRCSP-RFC,"[0, 2, 0, 6, 0, 0]",TLDUMMY,TRCSP,,RFC,,,0,2,0,6,0,0
TLDUMMY-TRCSP-ETC,"[0, 2, 0, 7, 0, 0]",TLDUMMY,TRCSP,,ETC,,,0,2,0,7,0,0
TLDUMMY-TRCSP-ABC,"[0, 2, 0, 8, 0, 0]",TLDUMMY,TRCSP,,ABC,,,0,2,0,8,0,0
TLDUMMY-TRCSP-GBC,"[0, 2, 0, 9, 0, 0]",TLDUMMY,TRCSP,,GBC,,,0,2,0,9,0,0
TLDUMMY-TRCSP-GNB,"[0, 2, 0, 10, 0, 0]",TLDUMMY,TRCSP,,GNB,,,0,2,0,10,0,0
TLDUMMY-TRCSP-MLP,"[0, 2, 0, 11, 0, 0]",TLDUMMY,TRCSP,,MLP,,,0,2,0,11,0,0
TLDUMMY-TRCSP-ANOVA-K-SVM,"[0, 2, 1, 1, 0, 0]",TLDUMMY,TRCSP,ANOVA-K,SVM,,,0,2,1,1,0,0
TLDUMMY-TRCSP-ANOVA-K-LDA,"[0, 2, 1, 2, 0, 0]",TLDUMMY,TRCSP,ANOVA-K,LDA,,,0,2,1,2,0,0
TLDUMMY-TRCSP-ANOVA-K-LR,"[0, 2, 1, 3, 0, 0]",TLDUMMY,TRCSP,ANOVA-K,LR,,,0,2,1,3,0,0
TLDUMMY-TRCSP-ANOVA-K-KNN,"[0, 2, 1, 4, 0, 0]",TLDUMMY,TRCSP,ANOVA-K,KNN,,,0,2,1,4,0,0
TLDUMMY-TRCSP-ANOVA-K-DTC,"[0, 2, 1, 5, 0, 0]",TLDUMMY,TRCSP,ANOVA-K,DTC,,,0,2,1,5,0,0
TLDUMMY-TRCSP-ANOVA-K-RFC,"[0, 2, 1, 6, 0, 0]",TLDUMMY,TRCSP,ANOVA-K,RFC,,,0,2,1,6,0,0
TLDUMMY-TRCSP-ANOVA-K-ETC,"[0, 2, 1, 7, 0, 0]",TLDUMMY,TRCSP,ANOVA-K,ETC,,,0,2,1,7,0,0
TLDUMMY-TRCSP-ANOVA-K-ABC,"[0, 2, 1, 8, 0, 0]",TLDUMMY,TRCSP,ANOVA-K,ABC,,,0,2,1,8,0,0
TLDUMMY-TRCSP-ANOVA-K-GBC,"[0, 2, 1, 9, 0, 0]",TLDUMMY,TRCSP,ANOVA-K,GBC,,,0,2,1,9,0,0
TLDUMMY-TRCSP-ANOVA-K-GNB,"[0, 2, 1, 10, 0, 0]",TLDUMMY,TRCSP,ANOVA-K,GNB,,,0,2,1,10,0,0
TLDUMMY-TRCSP-ANOVA-K-MLP,"[0, 2, 1, 11, 0, 0]",TLDUMMY,TRCSP,ANOVA-K,MLP,,,0,2,1,11,0,0
TLDUMMY-TRCSP-ANOVA-P-SVM,"[0, 2, 2, 1, 0, 0]",TLDUMMY,TRCSP,ANOVA-P,SVM,,,0,2,2,1,0,0
TLDUMMY-TRCSP-ANOVA-P-LDA,"[0, 2, 2, 2, 0, 0]",TLDUMMY,TRCSP,ANOVA-P,LDA,,,0,2,2,2,0,0
TLDUMMY-TRCSP-ANOVA-P-LR,"[0, 2, 2, 3, 0, 0]",TLDUMMY,TRCSP,ANOVA-P,LR,,,0,2,2,3,0,0
TLDUMMY-TRCSP-ANOVA-P-KNN,"[0, 2, 2, 4, 0, 0]",TLDUMMY,TRCSP,ANOVA-P,KNN,,,0,2,2,4,0,0
TLDUMMY-TRCSP-ANOVA-P-DTC,"[0, 2, 2, 5, 0, 0]",TLDUMMY,TRCSP,ANOVA-P,DTC,,,0,2,2,5,0,0
TLDUMMY-TRCSP-ANOVA-P-RFC,"[0, 2, 2, 6, 0, 0]",TLDUMMY,TRCSP,ANOVA-P,RFC,,,0,2,2,6,0,0
TLDUMMY-TRCSP-ANOVA-P-ETC,"[0, 2, 2, 7, 0, 0]",TLDUMMY,TRCSP,ANOVA-P,ETC,,,0,2,2,7,0,0
TLDUMMY-TRCSP-ANOVA-P-ABC,"[0, 2, 2, 8, 0, 0]",TLDUMMY,TRCSP,ANOVA-P,ABC,,,0,2,2,8,0,0
TLDUMMY-TRCSP-ANOVA-P-GBC,"[0, 2, 2, 9, 0, 0]",TLDUMMY,TRCSP,ANOVA-P,GBC,,,0,2,2,9,0,0
TLDUMMY-TRCSP-ANOVA-P-GNB,"[0, 2, 2, 10, 0, 0]",TLDUMMY,TRCSP,ANOVA-P,GNB,,,0,2,2,10,0,0
TLDUMMY-TRCSP-ANOVA-P-MLP,"[0, 2, 2, 11, 0, 0]",TLDUMMY,TRCSP,ANOVA-P,MLP,,,0,2,2,11,0,0
TLDUMMY-TRCSP-MIC-K-SVM,"[0, 2, 3, 1, 0, 0]",TLDUMMY,TRCSP,MIC-K,SVM,,,0,2,3,1,0,0
TLDUMMY-TRCSP-MIC-K-LDA,"[0, 2, 3, 2, 0, 0]",TLDUMMY,TRCSP,MIC-K,LDA,,,0,2,3,2,0,0
TLDUMMY-TRCSP-MIC-K-LR,"[0, 2, 3, 3, 0, 0]",TLDUMMY,TRCSP,MIC-K,LR,,,0,2,3,3,0,0
TLDUMMY-TRCSP-MIC-K-KNN,"[0, 2, 3, 4, 0, 0]",TLDUMMY,TRCSP,MIC-K,KNN,,,0,2,3,4,0,0
TLDUMMY-TRCSP-MIC-K-DTC,"[0, 2, 3, 5, 0, 0]",TLDUMMY,TRCSP,MIC-K,DTC,,,0,2,3,5,0,0
TLDUMMY-TRCSP-MIC-K-RFC,"[0, 2, 3, 6, 0, 0]",TLDUMMY,TRCSP,MIC-K,RFC,,,0,2,3,6,0,0
TLDUMMY-TRCSP-MIC-K-ETC,"[0, 2, 3, 7, 0, 0]",TLDUMMY,TRCSP,MIC-K,ETC,,,0,2,3,7,0,0
TLDUMMY-TRCSP-MIC-K-ABC,"[0, 2, 3, 8, 0, 0]",TLDUMMY,TRCSP,MIC-K,ABC,,,0,2,3,8,0,0
TLDUMMY-TRCSP-MIC-K-GBC,"[0, 2, 3, 9, 0, 0]",TLDUMMY,TRCSP,MIC-K,GBC,,,0,2,3,9,0,0
TLDUMMY-TRCSP-MIC-K-GNB,"[0, 2, 3, 10, 0, 0]",TLDUMMY,TRCSP,MIC-K,GNB,,,0,2,3,10,0,0
TLDUMMY-TRCSP-MIC-K-MLP,"[0, 2, 3, 11, 0, 0]",TLDUMMY,TRCSP,MIC-K,MLP,,,0,2,3,11,0,0
TLDUMMY-TRCSP-MIC-P-SVM,"[0, 2, 4, 1, 0, 0]",TLDUMMY,TRCSP,MIC-P,SVM,,,0,2,4,1,0,0
TLDUMMY-TRCSP-MIC-P-LDA,"[0, 2, 4, 2, 0, 0]",TLDUMMY,TRCSP,MIC-P,LDA,,,0,2,4,2,0,0
TLDUMMY-TRCSP-MIC-P-LR,"[0, 2, 4, 3, 0, 0]",TLDUMMY,TRCSP,MIC-P,LR,,,0,2,4,3,0,0
TLDUMMY-TRCSP-MIC-P-KNN,"[0, 2, 4, 4, 0, 0]",TLDUMMY,TRCSP,MIC-P,KNN,,,0,2,4,4,0,0
TLDUMMY-TRCSP-MIC-P-DTC,"[0, 2, 4, 5, 0, 0]",TLDUMMY,TRCSP,MIC-P,DTC,,,0,2,4,5,0,0
TLDUMMY-TRCSP-MIC-P-RFC,"[0, 2, 4, 6, 0, 0]",TLDUMMY,TRCSP,MIC-P,RFC,,,0,2,4,6,0,0
TLDUMMY-TRCSP-MIC-P-ETC,"[0, 2, 4, 7, 0, 0]",TLDUMMY,TRCSP,MIC-P,ETC,,,0,2,4,7,0,0
TLDUMMY-TRCSP-MIC-P-ABC,"[0, 2, 4, 8, 0, 0]",TLDUMMY,TRCSP,MIC-P,ABC,,,0,2,4,8,0,0
TLDUMMY-TRCSP-MIC-P-GBC,"[0, 2, 4, 9, 0, 0]",TLDUMMY,TRCSP,MIC-P,GBC,,,0,2,4,9,0,0
TLDUMMY-TRCSP-MIC-P-GNB,"[0, 2, 4, 10, 0, 0]",TLDUMMY,TRCSP,MIC-P,GNB,,,0,2,4,10,0,0
TLDUMMY-TRCSP-MIC-P-MLP,"[0, 2, 4, 11, 0, 0]",TLDUMMY,TRCSP,MIC-P,MLP,,,0,2,4,11,0,0
TLDUMMY-TRCSP-PCA-SVM,"[0, 2, 5, 1, 0, 0]",TLDUMMY,TRCSP,PCA,SVM,,,0,2,5,1,0,0
TLDUMMY-TRCSP-PCA-LDA,"[0, 2, 5, 2, 0, 0]",TLDUMMY,TRCSP,PCA,LDA,,,0,2,5,2,0,0
TLDUMMY-TRCSP-PCA-LR,"[0, 2, 5, 3, 0, 0]",TLDUMMY,TRCSP,PCA,LR,,,0,2,5,3,0,0
TLDUMMY-TRCSP-PCA-KNN,"[0, 2, 5, 4, 0, 0]",TLDUMMY,TRCSP,PCA,KNN,,,0,2,5,4,0,0
TLDUMMY-TRCSP-PCA-DTC,"[0, 2, 5, 5, 0, 0]",TLDUMMY,TRCSP,PCA,DTC,,,0,2,5,5,0,0
TLDUMMY-TRCSP-PCA-RFC,"[0, 2, 5, 6, 0, 0]",TLDUMMY,TRCSP,PCA,RFC,,,0,2,5,6,0,0
TLDUMMY-TRCSP-PCA-ETC,"[0, 2, 5, 7, 0, 0]",TLDUMMY,TRCSP,PCA,ETC,,,0,2,5,7,0,0
TLDUMMY-TRCSP-PCA-ABC,"[0, 2, 5, 8, 0, 0]",TLDUMMY,TRCSP,PCA,ABC,,,0,2,5,8,0,0
TLDUMMY-TRCSP-PCA-GBC,"[0, 2, 5, 9, 0, 0]",TLDUMMY,TRCSP,PCA,GBC,,,0,2,5,9,0,0
TLDUMMY-TRCSP-PCA-GNB,"[0, 2, 5, 10, 0, 0]",TLDUMMY,TRCSP,PCA,GNB,,,0,2,5,10,0,0
TLDUMMY-TRCSP-PCA-MLP,"[0, 2, 5, 11, 0, 0]",TLDUMMY,TRCSP,PCA,MLP,,,0,2,5,11,0,0
TLDUMMY-TRCSP-LASSO-SVM,"[0, 2, 6, 1, 0, 0]",TLDUMMY,TRCSP,LASSO,SVM,,,0,2,6,1,0,0
TLDUMMY-TRCSP-LASSO-LDA,"[0, 2, 6, 2, 0, 0]",TLDUMMY,TRCSP,LASSO,LDA,,,0,2,6,2,0,0
TLDUMMY-TRCSP-LASSO-LR,"[0, 2, 6, 3, 0, 0]",TLDUMMY,TRCSP,LASSO,LR,,,0,2,6,3,0,0
TLDUMMY-TRCSP-LASSO-KNN,"[0, 2, 6, 4, 0, 0]",TLDUMMY,TRCSP,LASSO,KNN,,,0,2,6,4,0,0
TLDUMMY-TRCSP-LASSO-DTC,"[0, 2, 6, 5, 0, 0]",TLDUMMY,TRCSP,LASSO,DTC,,,0,2,6,5,0,0
TLDUMMY-TRCSP-LASSO-RFC,"[0, 2, 6, 6, 0, 0]",TLDUMMY,TRCSP,LASSO,RFC,,,0,2,6,6,0,0
TLDUMMY-TRCSP-LASSO-ETC,"[0, 2, 6, 7, 0, 0]",TLDUMMY,TRCSP,LASSO,ETC,,,0,2,6,7,0,0
TLDUMMY-TRCSP-LASSO-ABC,"[0, 2, 6, 8, 0, 0]",TLDUMMY,TRCSP,LASSO,ABC,,,0,2,6,8,0,0
TLDUMMY-TRCSP-LASSO-GBC,"[0, 2, 6, 9, 0, 0]",TLDUMMY,TRCSP,LASSO,GBC,,,0,2,6,9,0,0
TLDUMMY-TRCSP-LASSO-GNB,"[0, 2, 6, 10, 0, 0]",TLDUMMY,TRCSP,LASSO,GNB,,,0,2,6,10,0,0
TLDUMMY-TRCSP-LASSO-MLP,"[0, 2, 6, 11, 0, 0]",TLDUMMY,TRCSP,LASSO,MLP,,,0,2,6,11,0,0
TLDUMMY-TRCSP-RFE-SVM,"[0, 2, 7, 1, 0, 0]",TLDUMMY,TRCSP,RFE,SVM,,,0,2,7,1,0,0
TLDUMMY-TRCSP-RFE-LDA,"[0, 2, 7, 2, 0, 0]",TLDUMMY,TRCSP,RFE,LDA,,,0,2,7,2,0,0
TLDUMMY-TRCSP-RFE-LR,"[0, 2, 7, 3, 0, 0]",TLDUMMY,TRCSP,RFE,LR,,,0,2,7,3,0,0
TLDUMMY-TRCSP-RFE-KNN,"[0, 2, 7, 4, 0, 0]",TLDUMMY,TRCSP,RFE,KNN,,,0,2,7,4,0,0
TLDUMMY-TRCSP-RFE-DTC,"[0, 2, 7, 5, 0, 0]",TLDUMMY,TRCSP,RFE,DTC,,,0,2,7,5,0,0
TLDUMMY-TRCSP-RFE-RFC,"[0, 2, 7, 6, 0, 0]",TLDUMMY,TRCSP,RFE,RFC,,,0,2,7,6,0,0
TLDUMMY-TRCSP-RFE-ETC,"[0, 2, 7, 7, 0, 0]",TLDUMMY,TRCSP,RFE,ETC,,,0,2,7,7,0,0
TLDUMMY-TRCSP-RFE-ABC,"[0, 2, 7, 8, 0, 0]",TLDUMMY,TRCSP,RFE,ABC,,,0,2,7,8,0,0
TLDUMMY-TRCSP-RFE-GBC,"[0, 2, 7, 9, 0, 0]",TLDUMMY,TRCSP,RFE,GBC,,,0,2,7,9,0,0
TLDUMMY-TRCSP-RFE-GNB,"[0, 2, 7, 10, 0, 0]",TLDUMMY,TRCSP,RFE,GNB,,,0,2,7,10,0,0
TLDUMMY-TRCSP-RFE-MLP,"[0, 2, 7, 11, 0, 0]",TLDUMMY,TRCSP,RFE,MLP,,,0,2,7,11,0,0
TLDUMMY-TRCSP-RFECV-SVM,"[0, 2, 8, 1, 0, 0]",TLDUMMY,TRCSP,RFECV,SVM,,,0,2,8,1,0,0
TLDUMMY-TRCSP-RFECV-LDA,"[0, 2, 8, 2, 0, 0]",TLDUMMY,TRCSP,RFECV,LDA,,,0,2,8,2,0,0
TLDUMMY-TRCSP-RFECV-LR,"[0, 2, 8, 3, 0, 0]",TLDUMMY,TRCSP,RFECV,LR,,,0,2,8,3,0,0
TLDUMMY-TRCSP-RFECV-KNN,"[0, 2, 8, 4, 0, 0]",TLDUMMY,TRCSP,RFECV,KNN,,,0,2,8,4,0,0
TLDUMMY-TRCSP-RFECV-DTC,"[0, 2, 8, 5, 0, 0]",TLDUMMY,TRCSP,RFECV,DTC,,,0,2,8,5,0,0
TLDUMMY-TRCSP-RFECV-RFC,"[0, 2, 8, 6, 0, 0]",TLDUMMY,TRCSP,RFECV,RFC,,,0,2,8,6,0,0
TLDUMMY-TRCSP-RFECV-ETC,"[0, 2, 8, 7, 0, 0]",TLDUMMY,TRCSP,RFECV,ETC,,,0,2,8,7,0,0
TLDUMMY-TRCSP-RFECV-ABC,"[0, 2, 8, 8, 0, 0]",TLDUMMY,TRCSP,RFECV,ABC,,,0,2,8,8,0,0
TLDUMMY-TRCSP-RFECV-GBC,"[0, 2, 8, 9, 0, 0]",TLDUMMY,TRCSP,RFECV,GBC,,,0,2,8,9,0,0
TLDUMMY-TRCSP-RFECV-GNB,"[0, 2, 8, 10, 0, 0]",TLDUMMY,TRCSP,RFECV,GNB,,,0,2,8,10,0,0
TLDUMMY-TRCSP-RFECV-MLP,"[0, 2, 8, 11, 0, 0]",TLDUMMY,TRCSP,RFECV,MLP,,,0,2,8,11,0,0
TLDUMMY-TS-SVM,"[0, 5, 0, 1, 0, 0]",TLDUMMY,TS,,SVM,,,0,5,0,1,0,0
TLDUMMY-TS-LDA,"[0, 5, 0, 2, 0, 0]",TLDUMMY,TS,,LDA,,,0,5,0,2,0,0
TLDUMMY-TS-LR,"[0, 5, 0, 3, 0, 0]",TLDUMMY,TS,,LR,,,0,5,0,3,0,0
TLDUMMY-TS-KNN,"[0, 5, 0, 4, 0, 0]",TLDUMMY,TS,,KNN,,,0,5,0,4,0,0
TLDUMMY-TS-DTC,"[0, 5, 0, 5, 0, 0]",TLDUMMY,TS,,DTC,,,0,5,0,5,0,0
TLDUMMY-TS-RFC,"[0, 5, 0, 6, 0, 0]",TLDUMMY,TS,,RFC,,,0,5,0,6,0,0
TLDUMMY-TS-ETC,"[0, 5, 0, 7, 0, 0]",TLDUMMY,TS,,ETC,,,0,5,0,7,0,0
TLDUMMY-TS-ABC,"[0, 5, 0, 8, 0, 0]",TLDUMMY,TS,,ABC,,,0,5,0,8,0,0
TLDUMMY-TS-GBC,"[0, 5, 0, 9, 0, 0]",TLDUMMY,TS,,GBC,,,0,5,0,9,0,0
TLDUMMY-TS-GNB,"[0, 5, 0, 10, 0, 0]",TLDUMMY,TS,,GNB,,,0,5,0,10,0,0
TLDUMMY-TS-MLP,"[0, 5, 0, 11, 0, 0]",TLDUMMY,TS,,MLP,,,0,5,0,11,0,0
TLDUMMY-TS-ANOVA-K-SVM,"[0, 5, 1, 1, 0, 0]",TLDUMMY,TS,ANOVA-K,SVM,,,0,5,1,1,0,0
TLDUMMY-TS-ANOVA-K-LDA,"[0, 5, 1, 2, 0, 0]",TLDUMMY,TS,ANOVA-K,LDA,,,0,5,1,2,0,0
TLDUMMY-TS-ANOVA-K-LR,"[0, 5, 1, 3, 0, 0]",TLDUMMY,TS,ANOVA-K,LR,,,0,5,1,3,0,0
TLDUMMY-TS-ANOVA-K-KNN,"[0, 5, 1, 4, 0, 0]",TLDUMMY,TS,ANOVA-K,KNN,,,0,5,1,4,0,0
TLDUMMY-TS-ANOVA-K-DTC,"[0, 5, 1, 5, 0, 0]",TLDUMMY,TS,ANOVA-K,DTC,,,0,5,1,5,0,0
TLDUMMY-TS-ANOVA-K-RFC,"[0, 5, 1, 6, 0, 0]",TLDUMMY,TS,ANOVA-K,RFC,,,0,5,1,6,0,0
TLDUMMY-TS-ANOVA-K-ETC,"[0, 5, 1, 7, 0, 0]",TLDUMMY,TS,ANOVA-K,ETC,,,0,5,1,7,0,0
TLDUMMY-TS-ANOVA-K-ABC,"[0, 5, 1, 8, 0, 0]",TLDUMMY,TS,ANOVA-K,ABC,,,0,5,1,8,0,0
TLDUMMY-TS-ANOVA-K-GBC,"[0, 5, 1, 9, 0, 0]",TLDUMMY,TS,ANOVA-K,GBC,,,0,5,1,9,0,0
TLDUMMY-TS-ANOVA-K-GNB,"[0, 5, 1, 10, 0, 0]",TLDUMMY,TS,ANOVA-K,GNB,,,0,5,1,10,0,0
TLDUMMY-TS-ANOVA-K-MLP,"[0, 5, 1, 11, 0, 0]",TLDUMMY,TS,ANOVA-K,MLP,,,0,5,1,11,0,0
TLDUMMY-TS-ANOVA-P-SVM,"[0, 5, 2, 1, 0, 0]",TLDUMMY,TS,ANOVA-P,SVM,,,0,5,2,1,0,0
TLDUMMY-TS-ANOVA-P-LDA,"[0, 5, 2, 2, 0, 0]",TLDUMMY,TS,ANOVA-P,LDA,,,0,5,2,2,0,0
TLDUMMY-TS-ANOVA-P-LR,"[0, 5, 2, 3, 0, 0]",TLDUMMY,TS,ANOVA-P,LR,,,0,5,2,3,0,0
TLDUMMY-TS-ANOVA-P-KNN,"[0, 5, 2, 4, 0, 0]",TLDUMMY,TS,ANOVA-P,KNN,,,0,5,2,4,0,0
TLDUMMY-TS-ANOVA-P-DTC,"[0, 5, 2, 5, 0, 0]",TLDUMMY,TS,ANOVA-P,DTC,,,0,5,2,5,0,0
TLDUMMY-TS-ANOVA-P-RFC,"[0, 5, 2, 6, 0, 0]",TLDUMMY,TS,ANOVA-P,RFC,,,0,5,2,6,0,0
TLDUMMY-TS-ANOVA-P-ETC,"[0, 5, 2, 7, 0, 0]",TLDUMMY,TS,ANOVA-P,ETC,,,0,5,2,7,0,0
TLDUMMY-TS-ANOVA-P-ABC,"[0, 5, 2, 8, 0, 0]",TLDUMMY,TS,ANOVA-P,ABC,,,0,5,2,8,0,0
TLDUMMY-TS-ANOVA-P-GBC,"[0, 5, 2, 9, 0, 0]",TLDUMMY,TS,ANOVA-P,GBC,,,0,5,2,9,0,0
TLDUMMY-TS-ANOVA-P-GNB,"[0, 5, 2, 10, 0, 0]",TLDUMMY,TS,ANOVA-P,GNB,,,0,5,2,10,0,0
TLDUMMY-TS-ANOVA-P-MLP,"[0, 5, 2, 11, 0, 0]",TLDUMMY,TS,ANOVA-P,MLP,,,0,5,2,11,0,0
TLDUMMY-TS-MIC-K-SVM,"[0, 5, 3, 1, 0, 0]",TLDUMMY,TS,MIC-K,SVM,,,0,5,3,1,0,0
TLDUMMY-TS-MIC-K-LDA,"[0, 5, 3, 2, 0, 0]",TLDUMMY,TS,MIC-K,LDA,,,0,5,3,2,0,0
TLDUMMY-TS-MIC-K-LR,"[0, 5, 3, 3, 0, 0]",TLDUMMY,TS,MIC-K,LR,,,0,5,3,3,0,0
TLDUMMY-TS-MIC-K-KNN,"[0, 5, 3, 4, 0, 0]",TLDUMMY,TS,MIC-K,KNN,,,0,5,3,4,0,0
TLDUMMY-TS-MIC-K-DTC,"[0, 5, 3, 5, 0, 0]",TLDUMMY,TS,MIC-K,DTC,,,0,5,3,5,0,0
TLDUMMY-TS-MIC-K-RFC,"[0, 5, 3, 6, 0, 0]",TLDUMMY,TS,MIC-K,RFC,,,0,5,3,6,0,0
TLDUMMY-TS-MIC-K-ETC,"[0, 5, 3, 7, 0, 0]",TLDUMMY,TS,MIC-K,ETC,,,0,5,3,7,0,0
TLDUMMY-TS-MIC-K-ABC,"[0, 5, 3, 8, 0, 0]",TLDUMMY,TS,MIC-K,ABC,,,0,5,3,8,0,0
TLDUMMY-TS-MIC-K-GBC,"[0, 5, 3, 9, 0, 0]",TLDUMMY,TS,MIC-K,GBC,,,0,5,3,9,0,0
TLDUMMY-TS-MIC-K-GNB,"[0, 5, 3, 10, 0, 0]",TLDUMMY,TS,MIC-K,GNB,,,0,5,3,10,0,0
TLDUMMY-TS-MIC-K-MLP,"[0, 5, 3, 11, 0, 0]",TLDUMMY,TS,MIC-K,MLP,,,0,5,3,11,0,0
TLDUMMY-TS-MIC-P-SVM,"[0, 5, 4, 1, 0, 0]",TLDUMMY,TS,MIC-P,SVM,,,0,5,4,1,0,0
TLDUMMY-TS-MIC-P-LDA,"[0, 5, 4, 2, 0, 0]",TLDUMMY,TS,MIC-P,LDA,,,0,5,4,2,0,0
TLDUMMY-TS-MIC-P-LR,"[0, 5, 4, 3, 0, 0]",TLDUMMY,TS,MIC-P,LR,,,0,5,4,3,0,0
TLDUMMY-TS-MIC-P-KNN,"[0, 5, 4, 4, 0, 0]",TLDUMMY,TS,MIC-P,KNN,,,0,5,4,4,0,0
TLDUMMY-TS-MIC-P-DTC,"[0, 5, 4, 5, 0, 0]",TLDUMMY,TS,MIC-P,DTC,,,0,5,4,5,0,0
TLDUMMY-TS-MIC-P-RFC,"[0, 5, 4, 6, 0, 0]",TLDUMMY,TS,MIC-P,RFC,,,0,5,4,6,0,0
TLDUMMY-TS-MIC-P-ETC,"[0, 5, 4, 7, 0, 0]",TLDUMMY,TS,MIC-P,ETC,,,0,5,4,7,0,0
TLDUMMY-TS-MIC-P-ABC,"[0, 5, 4, 8, 0, 0]",TLDUMMY,TS,MIC-P,ABC,,,0,5,4,8,0,0
TLDUMMY-TS-MIC-P-GBC,"[0, 5, 4, 9, 0, 0]",TLDUMMY,TS,MIC-P,GBC,,,0,5,4,9,0,0
TLDUMMY-TS-MIC-P-GNB,"[0, 5, 4, 10, 0, 0]",TLDUMMY,TS,MIC-P,GNB,,,0,5,4,10,0,0
TLDUMMY-TS-MIC-P-MLP,"[0, 5, 4, 11, 0, 0]",TLDUMMY,TS,MIC-P,MLP,,,0,5,4,11,0,0
TLDUMMY-TS-PCA-SVM,"[0, 5, 5, 1, 0, 0]",TLDUMMY,TS,PCA,SVM,,,0,5,5,1,0,0
TLDUMMY-TS-PCA-LDA,"[0, 5, 5, 2, 0, 0]",TLDUMMY,TS,PCA,LDA,,,0,5,5,2,0,0
TLDUMMY-TS-PCA-LR,"[0, 5, 5, 3, 0, 0]",TLDUMMY,TS,PCA,LR,,,0,5,5,3,0,0
TLDUMMY-TS-PCA-KNN,"[0, 5, 5, 4, 0, 0]",TLDUMMY,TS,PCA,KNN,,,0,5,5,4,0,0
TLDUMMY-TS-PCA-DTC,"[0, 5, 5, 5, 0, 0]",TLDUMMY,TS,PCA,DTC,,,0,5,5,5,0,0
TLDUMMY-TS-PCA-RFC,"[0, 5, 5, 6, 0, 0]",TLDUMMY,TS,PCA,RFC,,,0,5,5,6,0,0
TLDUMMY-TS-PCA-ETC,"[0, 5, 5, 7, 0, 0]",TLDUMMY,TS,PCA,ETC,,,0,5,5,7,0,0
TLDUMMY-TS-PCA-ABC,"[0, 5, 5, 8, 0, 0]",TLDUMMY,TS,PCA,ABC,,,0,5,5,8,0,0
TLDUMMY-TS-PCA-GBC,"[0, 5, 5, 9, 0, 0]",TLDUMMY,TS,PCA,GBC,,,0,5,5,9,0,0
TLDUMMY-TS-PCA-GNB,"[0, 5, 5, 10, 0, 0]",TLDUMMY,TS,PCA,GNB,,,0,5,5,10,0,0
TLDUMMY-TS-PCA-MLP,"[0, 5, 5, 11, 0, 0]",TLDUMMY,TS,PCA,MLP,,,0,5,5,11,0,0
TLDUMMY-TS-LASSO-SVM,"[0, 5, 6, 1, 0, 0]",TLDUMMY,TS,LASSO,SVM,,,0,5,6,1,0,0
TLDUMMY-TS-LASSO-LDA,"[0, 5, 6, 2, 0, 0]",TLDUMMY,TS,LASSO,LDA,,,0,5,6,2,0,0
TLDUMMY-TS-LASSO-LR,"[0, 5, 6, 3, 0, 0]",TLDUMMY,TS,LASSO,LR,,,0,5,6,3,0,0
TLDUMMY-TS-LASSO-KNN,"[0, 5, 6, 4, 0, 0]",TLDUMMY,TS,LASSO,KNN,,,0,5,6,4,0,0
TLDUMMY-TS-LASSO-DTC,"[0, 5, 6, 5, 0, 0]",TLDUMMY,TS,LASSO,DTC,,,0,5,6,5,0,0
TLDUMMY-TS-LASSO-RFC,"[0, 5, 6, 6, 0, 0]",TLDUMMY,TS,LASSO,RFC,,,0,5,6,6,0,0
TLDUMMY-TS-LASSO-ETC,"[0, 5, 6, 7, 0, 0]",TLDUMMY,TS,LASSO,ETC,,,0,5,6,7,0,0
TLDUMMY-TS-LASSO-ABC,"[0, 5, 6, 8, 0, 0]",TLDUMMY,TS,LASSO,ABC,,,0,5,6,8,0,0
TLDUMMY-TS-LASSO-GBC,"[0, 5, 6, 9, 0, 0]",TLDUMMY,TS,LASSO,GBC,,,0,5,6,9,0,0
TLDUMMY-TS-LASSO-GNB,"[0, 5, 6, 10, 0, 0]",TLDUMMY,TS,LASSO,GNB,,,0,5,6,10,0,0
TLDUMMY-TS-LASSO-MLP,"[0, 5, 6, 11, 0, 0]",TLDUMMY,TS,LASSO,MLP,,,0,5,6,11,0,0
TLDUMMY-TS-RFE-SVM,"[0, 5, 7, 1, 0, 0]",TLDUMMY,TS,RFE,SVM,,,0,5,7,1,0,0
TLDUMMY-TS-RFE-LDA,"[0, 5, 7, 2, 0, 0]",TLDUMMY,TS,RFE,LDA,,,0,5,7,2,0,0
TLDUMMY-TS-RFE-LR,"[0, 5, 7, 3, 0, 0]",TLDUMMY,TS,RFE,LR,,,0,5,7,3,0,0
TLDUMMY-TS-RFE-KNN,"[0, 5, 7, 4, 0, 0]",TLDUMMY,TS,RFE,KNN,,,0,5,7,4,0,0
TLDUMMY-TS-RFE-DTC,"[0, 5, 7, 5, 0, 0]",TLDUMMY,TS,RFE,DTC,,,0,5,7,5,0,0
TLDUMMY-TS-RFE-RFC,"[0, 5, 7, 6, 0, 0]",TLDUMMY,TS,RFE,RFC,,,0,5,7,6,0,0
TLDUMMY-TS-RFE-ETC,"[0, 5, 7, 7, 0, 0]",TLDUMMY,TS,RFE,ETC,,,0,5,7,7,0,0
TLDUMMY-TS-RFE-ABC,"[0, 5, 7, 8, 0, 0]",TLDUMMY,TS,RFE,ABC,,,0,5,7,8,0,0
TLDUMMY-TS-RFE-GBC,"[0, 5, 7, 9, 0, 0]",TLDUMMY,TS,RFE,GBC,,,0,5,7,9,0,0
TLDUMMY-TS-RFE-GNB,"[0, 5, 7, 10, 0, 0]",TLDUMMY,TS,RFE,GNB,,,0,5,7,10,0,0
TLDUMMY-TS-RFE-MLP,"[0, 5, 7, 11, 0, 0]",TLDUMMY,TS,RFE,MLP,,,0,5,7,11,0,0
TLDUMMY-TS-RFECV-SVM,"[0, 5, 8, 1, 0, 0]",TLDUMMY,TS,RFECV,SVM,,,0,5,8,1,0,0
TLDUMMY-TS-RFECV-LDA,"[0, 5, 8, 2, 0, 0]",TLDUMMY,TS,RFECV,LDA,,,0,5,8,2,0,0
TLDUMMY-TS-RFECV-LR,"[0, 5, 8, 3, 0, 0]",TLDUMMY,TS,RFECV,LR,,,0,5,8,3,0,0
TLDUMMY-TS-RFECV-KNN,"[0, 5, 8, 4, 0, 0]",TLDUMMY,TS,RFECV,KNN,,,0,5,8,4,0,0
TLDUMMY-TS-RFECV-DTC,"[0, 5, 8, 5, 0, 0]",TLDUMMY,TS,RFECV,DTC,,,0,5,8,5,0,0
TLDUMMY-TS-RFECV-RFC,"[0, 5, 8, 6, 0, 0]",TLDUMMY,TS,RFECV,RFC,,,0,5,8,6,0,0
TLDUMMY-TS-RFECV-ETC,"[0, 5, 8, 7, 0, 0]",TLDUMMY,TS,RFECV,ETC,,,0,5,8,7,0,0
TLDUMMY-TS-RFECV-ABC,"[0, 5, 8, 8, 0, 0]",TLDUMMY,TS,RFECV,ABC,,,0,5,8,8,0,0
TLDUMMY-TS-RFECV-GBC,"[0, 5, 8, 9, 0, 0]",TLDUMMY,TS,RFECV,GBC,,,0,5,8,9,0,0
TLDUMMY-TS-RFECV-GNB,"[0, 5, 8, 10, 0, 0]",TLDUMMY,TS,RFECV,GNB,,,0,5,8,10,0,0
TLDUMMY-TS-RFECV-MLP,"[0, 5, 8, 11, 0, 0]",TLDUMMY,TS,RFECV,MLP,,,0,5,8,11,0,0
EA-CSP-SVM,"[1, 1, 0, 1, 0, 0]",EA,CSP,,SVM,,,1,1,0,1,0,0
EA-CSP-LDA,"[1, 1, 0, 2, 0, 0]",EA,CSP,,LDA,,,1,1,0,2,0,0
EA-CSP-LR,"[1, 1, 0, 3, 0, 0]",EA,CSP,,LR,,,1,1,0,3,0,0
EA-CSP-KNN,"[1, 1, 0, 4, 0, 0]",EA,CSP,,KNN,,,1,1,0,4,0,0
EA-CSP-DTC,"[1, 1, 0, 5, 0, 0]",EA,CSP,,DTC,,,1,1,0,5,0,0
EA-CSP-RFC,"[1, 1, 0, 6, 0, 0]",EA,CSP,,RFC,,,1,1,0,6,0,0
EA-CSP-ETC,"[1, 1, 0, 7, 0, 0]",EA,CSP,,ETC,,,1,1,0,7,0,0
EA-CSP-ABC,"[1, 1, 0, 8, 0, 0]",EA,CSP,,ABC,,,1,1,0,8,0,0
EA-CSP-GBC,"[1, 1, 0, 9, 0, 0]",EA,CSP,,GBC,,,1,1,0,9,0,0
EA-CSP-GNB,"[1, 1, 0, 10, 0, 0]",EA,CSP,,GNB,,,1,1,0,10,0,0
EA-CSP-MLP,"[1, 1, 0, 11, 0, 0]",EA,CSP,,MLP,,,1,1,0,11,0,0
EA-CSP-ANOVA-K-SVM,"[1, 1, 1, 1, 0, 0]",EA,CSP,ANOVA-K,SVM,,,1,1,1,1,0,0
EA-CSP-ANOVA-K-LDA,"[1, 1, 1, 2, 0, 0]",EA,CSP,ANOVA-K,LDA,,,1,1,1,2,0,0
EA-CSP-ANOVA-K-LR,"[1, 1, 1, 3, 0, 0]",EA,CSP,ANOVA-K,LR,,,1,1,1,3,0,0
EA-CSP-ANOVA-K-KNN,"[1, 1, 1, 4, 0, 0]",EA,CSP,ANOVA-K,KNN,,,1,1,1,4,0,0
EA-CSP-ANOVA-K-DTC,"[1, 1, 1, 5, 0, 0]",EA,CSP,ANOVA-K,DTC,,,1,1,1,5,0,0
EA-CSP-ANOVA-K-RFC,"[1, 1, 1, 6, 0, 0]",EA,CSP,ANOVA-K,RFC,,,1,1,1,6,0,0
EA-CSP-ANOVA-K-ETC,"[1, 1, 1, 7, 0, 0]",EA,CSP,ANOVA-K,ETC,,,1,1,1,7,0,0
EA-CSP-ANOVA-K-ABC,"[1, 1, 1, 8, 0, 0]",EA,CSP,ANOVA-K,ABC,,,1,1,1,8,0,0
EA-CSP-ANOVA-K-GBC,"[1, 1, 1, 9, 0, 0]",EA,CSP,ANOVA-K,GBC,,,1,1,1,9,0,0
EA-CSP-ANOVA-K-GNB,"[1, 1, 1, 10, 0, 0]",EA,CSP,ANOVA-K,GNB,,,1,1,1,10,0,0
EA-CSP-ANOVA-K-MLP,"[1, 1, 1, 11, 0, 0]",EA,CSP,ANOVA-K,MLP,,,1,1,1,11,0,0
EA-CSP-ANOVA-P-SVM,"[1, 1, 2, 1, 0, 0]",EA,CSP,ANOVA-P,SVM,,,1,1,2,1,0,0
EA-CSP-ANOVA-P-LDA,"[1, 1, 2, 2, 0, 0]",EA,CSP,ANOVA-P,LDA,,,1,1,2,2,0,0
EA-CSP-ANOVA-P-LR,"[1, 1, 2, 3, 0, 0]",EA,CSP,ANOVA-P,LR,,,1,1,2,3,0,0
EA-CSP-ANOVA-P-KNN,"[1, 1, 2, 4, 0, 0]",EA,CSP,ANOVA-P,KNN,,,1,1,2,4,0,0
EA-CSP-ANOVA-P-DTC,"[1, 1, 2, 5, 0, 0]",EA,CSP,ANOVA-P,DTC,,,1,1,2,5,0,0
EA-CSP-ANOVA-P-RFC,"[1, 1, 2, 6, 0, 0]",EA,CSP,ANOVA-P,RFC,,,1,1,2,6,0,0
EA-CSP-ANOVA-P-ETC,"[1, 1, 2, 7, 0, 0]",EA,CSP,ANOVA-P,ETC,,,1,1,2,7,0,0
EA-CSP-ANOVA-P-ABC,"[1, 1, 2, 8, 0, 0]",EA,CSP,ANOVA-P,ABC,,,1,1,2,8,0,0
EA-CSP-ANOVA-P-GBC,"[1, 1, 2, 9, 0, 0]",EA,CSP,ANOVA-P,GBC,,,1,1,2,9,0,0
EA-CSP-ANOVA-P-GNB,"[1, 1, 2, 10, 0, 0]",EA,CSP,ANOVA-P,GNB,,,1,1,2,10,0,0
EA-CSP-ANOVA-P-MLP,"[1, 1, 2, 11, 0, 0]",EA,CSP,ANOVA-P,MLP,,,1,1,2,11,0,0
EA-CSP-MIC-K-SVM,"[1, 1, 3, 1, 0, 0]",EA,CSP,MIC-K,SVM,,,1,1,3,1,0,0
EA-CSP-MIC-K-LDA,"[1, 1, 3, 2, 0, 0]",EA,CSP,MIC-K,LDA,,,1,1,3,2,0,0
EA-CSP-MIC-K-LR,"[1, 1, 3, 3, 0, 0]",EA,CSP,MIC-K,LR,,,1,1,3,3,0,0
EA-CSP-MIC-K-KNN,"[1, 1, 3, 4, 0, 0]",EA,CSP,MIC-K,KNN,,,1,1,3,4,0,0
EA-CSP-MIC-K-DTC,"[1, 1, 3, 5, 0, 0]",EA,CSP,MIC-K,DTC,,,1,1,3,5,0,0
EA-CSP-MIC-K-RFC,"[1, 1, 3, 6, 0, 0]",EA,CSP,MIC-K,RFC,,,1,1,3,6,0,0
EA-CSP-MIC-K-ETC,"[1, 1, 3, 7, 0, 0]",EA,CSP,MIC-K,ETC,,,1,1,3,7,0,0
EA-CSP-MIC-K-ABC,"[1, 1, 3, 8, 0, 0]",EA,CSP,MIC-K,ABC,,,1,1,3,8,0,0
EA-CSP-MIC-K-GBC,"[1, 1, 3, 9, 0, 0]",EA,CSP,MIC-K,GBC,,,1,1,3,9,0,0
EA-CSP-MIC-K-GNB,"[1, 1, 3, 10, 0, 0]",EA,CSP,MIC-K,GNB,,,1,1,3,10,0,0
EA-CSP-MIC-K-MLP,"[1, 1, 3, 11, 0, 0]",EA,CSP,MIC-K,MLP,,,1,1,3,11,0,0
EA-CSP-MIC-P-SVM,"[1, 1, 4, 1, 0, 0]",EA,CSP,MIC-P,SVM,,,1,1,4,1,0,0
EA-CSP-MIC-P-LDA,"[1, 1, 4, 2, 0, 0]",EA,CSP,MIC-P,LDA,,,1,1,4,2,0,0
EA-CSP-MIC-P-LR,"[1, 1, 4, 3, 0, 0]",EA,CSP,MIC-P,LR,,,1,1,4,3,0,0
EA-CSP-MIC-P-KNN,"[1, 1, 4, 4, 0, 0]",EA,CSP,MIC-P,KNN,,,1,1,4,4,0,0
EA-CSP-MIC-P-DTC,"[1, 1, 4, 5, 0, 0]",EA,CSP,MIC-P,DTC,,,1,1,4,5,0,0
EA-CSP-MIC-P-RFC,"[1, 1, 4, 6, 0, 0]",EA,CSP,MIC-P,RFC,,,1,1,4,6,0,0
EA-CSP-MIC-P-ETC,"[1, 1, 4, 7, 0, 0]",EA,CSP,MIC-P,ETC,,,1,1,4,7,0,0
EA-CSP-MIC-P-ABC,"[1, 1, 4, 8, 0, 0]",EA,CSP,MIC-P,ABC,,,1,1,4,8,0,0
EA-CSP-MIC-P-GBC,"[1, 1, 4, 9, 0, 0]",EA,CSP,MIC-P,GBC,,,1,1,4,9,0,0
EA-CSP-MIC-P-GNB,"[1, 1, 4, 10, 0, 0]",EA,CSP,MIC-P,GNB,,,1,1,4,10,0,0
EA-CSP-MIC-P-MLP,"[1, 1, 4, 11, 0, 0]",EA,CSP,MIC-P,MLP,,,1,1,4,11,0,0
EA-CSP-PCA-SVM,"[1, 1, 5, 1, 0, 0]",EA,CSP,PCA,SVM,,,1,1,5,1,0,0
EA-CSP-PCA-LDA,"[1, 1, 5, 2, 0, 0]",EA,CSP,PCA,LDA,,,1,1,5,2,0,0
EA-CSP-PCA-LR,"[1, 1, 5, 3, 0, 0]",EA,CSP,PCA,LR,,,1,1,5,3,0,0
EA-CSP-PCA-KNN,"[1, 1, 5, 4, 0, 0]",EA,CSP,PCA,KNN,,,1,1,5,4,0,0
EA-CSP-PCA-DTC,"[1, 1, 5, 5, 0, 0]",EA,CSP,PCA,DTC,,,1,1,5,5,0,0
EA-CSP-PCA-RFC,"[1, 1, 5, 6, 0, 0]",EA,CSP,PCA,RFC,,,1,1,5,6,0,0
EA-CSP-PCA-ETC,"[1, 1, 5, 7, 0, 0]",EA,CSP,PCA,ETC,,,1,1,5,7,0,0
EA-CSP-PCA-ABC,"[1, 1, 5, 8, 0, 0]",EA,CSP,PCA,ABC,,,1,1,5,8,0,0
EA-CSP-PCA-GBC,"[1, 1, 5, 9, 0, 0]",EA,CSP,PCA,GBC,,,1,1,5,9,0,0
EA-CSP-PCA-GNB,"[1, 1, 5, 10, 0, 0]",EA,CSP,PCA,GNB,,,1,1,5,10,0,0
EA-CSP-PCA-MLP,"[1, 1, 5, 11, 0, 0]",EA,CSP,PCA,MLP,,,1,1,5,11,0,0
EA-CSP-LASSO-SVM,"[1, 1, 6, 1, 0, 0]",EA,CSP,LASSO,SVM,,,1,1,6,1,0,0
EA-CSP-LASSO-LDA,"[1, 1, 6, 2, 0, 0]",EA,CSP,LASSO,LDA,,,1,1,6,2,0,0
EA-CSP-LASSO-LR,"[1, 1, 6, 3, 0, 0]",EA,CSP,LASSO,LR,,,1,1,6,3,0,0
EA-CSP-LASSO-KNN,"[1, 1, 6, 4, 0, 0]",EA,CSP,LASSO,KNN,,,1,1,6,4,0,0
EA-CSP-LASSO-DTC,"[1, 1, 6, 5, 0, 0]",EA,CSP,LASSO,DTC,,,1,1,6,5,0,0
EA-CSP-LASSO-RFC,"[1, 1, 6, 6, 0, 0]",EA,CSP,LASSO,RFC,,,1,1,6,6,0,0
EA-CSP-LASSO-ETC,"[1, 1, 6, 7, 0, 0]",EA,CSP,LASSO,ETC,,,1,1,6,7,0,0
EA-CSP-LASSO-ABC,"[1, 1, 6, 8, 0, 0]",EA,CSP,LASSO,ABC,,,1,1,6,8,0,0
EA-CSP-LASSO-GBC,"[1, 1, 6, 9, 0, 0]",EA,CSP,LASSO,GBC,,,1,1,6,9,0,0
EA-CSP-LASSO-GNB,"[1, 1, 6, 10, 0, 0]",EA,CSP,LASSO,GNB,,,1,1,6,10,0,0
EA-CSP-LASSO-MLP,"[1, 1, 6, 11, 0, 0]",EA,CSP,LASSO,MLP,,,1,1,6,11,0,0
EA-CSP-RFE-SVM,"[1, 1, 7, 1, 0, 0]",EA,CSP,RFE,SVM,,,1,1,7,1,0,0
EA-CSP-RFE-LDA,"[1, 1, 7, 2, 0, 0]",EA,CSP,RFE,LDA,,,1,1,7,2,0,0
EA-CSP-RFE-LR,"[1, 1, 7, 3, 0, 0]",EA,CSP,RFE,LR,,,1,1,7,3,0,0
EA-CSP-RFE-KNN,"[1, 1, 7, 4, 0, 0]",EA,CSP,RFE,KNN,,,1,1,7,4,0,0
EA-CSP-RFE-DTC,"[1, 1, 7, 5, 0, 0]",EA,CSP,RFE,DTC,,,1,1,7,5,0,0
EA-CSP-RFE-RFC,"[1, 1, 7, 6, 0, 0]",EA,CSP,RFE,RFC,,,1,1,7,6,0,0
EA-CSP-RFE-ETC,"[1, 1, 7, 7, 0, 0]",EA,CSP,RFE,ETC,,,1,1,7,7,0,0
EA-CSP-RFE-ABC,"[1, 1, 7, 8, 0, 0]",EA,CSP,RFE,ABC,,,1,1,7,8,0,0
EA-CSP-RFE-GBC,"[1, 1, 7, 9, 0, 0]",EA,CSP,RFE,GBC,,,1,1,7,9,0,0
EA-CSP-RFE-GNB,"[1, 1, 7, 10, 0, 0]",EA,CSP,RFE,GNB,,,1,1,7,10,0,0
EA-CSP-RFE-MLP,"[1, 1, 7, 11, 0, 0]",EA,CSP,RFE,MLP,,,1,1,7,11,0,0
EA-CSP-RFECV-SVM,"[1, 1, 8, 1, 0, 0]",EA,CSP,RFECV,SVM,,,1,1,8,1,0,0
EA-CSP-RFECV-LDA,"[1, 1, 8, 2, 0, 0]",EA,CSP,RFECV,LDA,,,1,1,8,2,0,0
EA-CSP-RFECV-LR,"[1, 1, 8, 3, 0, 0]",EA,CSP,RFECV,LR,,,1,1,8,3,0,0
EA-CSP-RFECV-KNN,"[1, 1, 8, 4, 0, 0]",EA,CSP,RFECV,KNN,,,1,1,8,4,0,0
EA-CSP-RFECV-DTC,"[1, 1, 8, 5, 0, 0]",EA,CSP,RFECV,DTC,,,1,1,8,5,0,0
EA-CSP-RFECV-RFC,"[1, 1, 8, 6, 0, 0]",EA,CSP,RFECV,RFC,,,1,1,8,6,0,0
EA-CSP-RFECV-ETC,"[1, 1, 8, 7, 0, 0]",EA,CSP,RFECV,ETC,,,1,1,8,7,0,0
EA-CSP-RFECV-ABC,"[1, 1, 8, 8, 0, 0]",EA,CSP,RFECV,ABC,,,1,1,8,8,0,0
EA-CSP-RFECV-GBC,"[1, 1, 8, 9, 0, 0]",EA,CSP,RFECV,GBC,,,1,1,8,9,0,0
EA-CSP-RFECV-GNB,"[1, 1, 8, 10, 0, 0]",EA,CSP,RFECV,GNB,,,1,1,8,10,0,0
EA-CSP-RFECV-MLP,"[1, 1, 8, 11, 0, 0]",EA,CSP,RFECV,MLP,,,1,1,8,11,0,0
EA-TRCSP-SVM,"[1, 2, 0, 1, 0, 0]",EA,TRCSP,,SVM,,,1,2,0,1,0,0
EA-TRCSP-LDA,"[1, 2, 0, 2, 0, 0]",EA,TRCSP,,LDA,,,1,2,0,2,0,0
EA-TRCSP-LR,"[1, 2, 0, 3, 0, 0]",EA,TRCSP,,LR,,,1,2,0,3,0,0
EA-TRCSP-KNN,"[1, 2, 0, 4, 0, 0]",EA,TRCSP,,KNN,,,1,2,0,4,0,0
EA-TRCSP-DTC,"[1, 2, 0, 5, 0, 0]",EA,TRCSP,,DTC,,,1,2,0,5,0,0
EA-TRCSP-RFC,"[1, 2, 0, 6, 0, 0]",EA,TRCSP,,RFC,,,1,2,0,6,0,0
EA-TRCSP-ETC,"[1, 2, 0, 7, 0, 0]",EA,TRCSP,,ETC,,,1,2,0,7,0,0
EA-TRCSP-ABC,"[1, 2, 0, 8, 0, 0]",EA,TRCSP,,ABC,,,1,2,0,8,0,0
EA-TRCSP-GBC,"[1, 2, 0, 9, 0, 0]",EA,TRCSP,,GBC,,,1,2,0,9,0,0
EA-TRCSP-GNB,"[1, 2, 0, 10, 0, 0]",EA,TRCSP,,GNB,,,1,2,0,10,0,0
EA-TRCSP-MLP,"[1, 2, 0, 11, 0, 0]",EA,TRCSP,,MLP,,,1,2,0,11,0,0
EA-TRCSP-ANOVA-K-SVM,"[1, 2, 1, 1, 0, 0]",EA,TRCSP,ANOVA-K,SVM,,,1,2,1,1,0,0
EA-TRCSP-ANOVA-K-LDA,"[1, 2, 1, 2, 0, 0]",EA,TRCSP,ANOVA-K,LDA,,,1,2,1,2,0,0
EA-TRCSP-ANOVA-K-LR,"[1, 2, 1, 3, 0, 0]",EA,TRCSP,ANOVA-K,LR,,,1,2,1,3,0,0
EA-TRCSP-ANOVA-K-KNN,"[1, 2, 1, 4, 0, 0]",EA,TRCSP,ANOVA-K,KNN,,,1,2,1,4,0,0
EA-TRCSP-ANOVA-K-DTC,"[1, 2, 1, 5, 0, 0]",EA,TRCSP,ANOVA-K,DTC,,,1,2,1,5,0,0
EA-TRCSP-ANOVA-K-RFC,"[1, 2, 1, 6, 0, 0]",EA,TRCSP,ANOVA-K,RFC,,,1,2,1,6,0,0
EA-TRCSP-ANOVA-K-ETC,"[1, 2, 1, 7, 0, 0]",EA,TRCSP,ANOVA-K,ETC,,,1,2,1,7,0,0
EA-TRCSP-ANOVA-K-ABC,"[1, 2, 1, 8, 0, 0]",EA,TRCSP,ANOVA-K,ABC,,,1,2,1,8,0,0
EA-TRCSP-ANOVA-K-GBC,"[1, 2, 1, 9, 0, 0]",EA,TRCSP,ANOVA-K,GBC,,,1,2,1,9,0,0
EA-TRCSP-ANOVA-K-GNB,"[1, 2, 1, 10, 0, 0]",EA,TRCSP,ANOVA-K,GNB,,,1,2,1,10,0,0
EA-TRCSP-ANOVA-K-MLP,"[1, 2, 1, 11, 0, 0]",EA,TRCSP,ANOVA-K,MLP,,,1,2,1,11,0,0
EA-TRCSP-ANOVA-P-SVM,"[1, 2, 2, 1, 0, 0]",EA,TRCSP,ANOVA-P,SVM,,,1,2,2,1,0,0
EA-TRCSP-ANOVA-P-LDA,"[1, 2, 2, 2, 0, 0]",EA,TRCSP,ANOVA-P,LDA,,,1,2,2,2,0,0
EA-TRCSP-ANOVA-P-LR,"[1, 2, 2, 3, 0, 0]",EA,TRCSP,ANOVA-P,LR,,,1,2,2,3,0,0
EA-TRCSP-ANOVA-P-KNN,"[1, 2, 2, 4, 0, 0]",EA,TRCSP,ANOVA-P,KNN,,,1,2,2,4,0,0
EA-TRCSP-ANOVA-P-DTC,"[1, 2, 2, 5, 0, 0]",EA,TRCSP,ANOVA-P,DTC,,,1,2,2,5,0,0
EA-TRCSP-ANOVA-P-RFC,"[1, 2, 2, 6, 0, 0]",EA,TRCSP,ANOVA-P,RFC,,,1,2,2,6,0,0
EA-TRCSP-ANOVA-P-ETC,"[1, 2, 2, 7, 0, 0]",EA,TRCSP,ANOVA-P,ETC,,,1,2,2,7,0,0
EA-TRCSP-ANOVA-P-ABC,"[1, 2, 2, 8, 0, 0]",EA,TRCSP,ANOVA-P,ABC,,,1,2,2,8,0,0
EA-TRCSP-ANOVA-P-GBC,"[1, 2, 2, 9, 0, 0]",EA,TRCSP,ANOVA-P,GBC,,,1,2,2,9,0,0
EA-TRCSP-ANOVA-P-GNB,"[1, 2, 2, 10, 0, 0]",EA,TRCSP,ANOVA-P,GNB,,,1,2,2,10,0,0
EA-TRCSP-ANOVA-P-MLP,"[1, 2, 2, 11, 0, 0]",EA,TRCSP,ANOVA-P,MLP,,,1,2,2,11,0,0
EA-TRCSP-MIC-K-SVM,"[1, 2, 3, 1, 0, 0]",EA,TRCSP,MIC-K,SVM,,,1,2,3,1,0,0
EA-TRCSP-MIC-K-LDA,"[1, 2, 3, 2, 0, 0]",EA,TRCSP,MIC-K,LDA,,,1,2,3,2,0,0
EA-TRCSP-MIC-K-LR,"[1, 2, 3, 3, 0, 0]",EA,TRCSP,MIC-K,LR,,,1,2,3,3,0,0
EA-TRCSP-MIC-K-KNN,"[1, 2, 3, 4, 0, 0]",EA,TRCSP,MIC-K,KNN,,,1,2,3,4,0,0
EA-TRCSP-MIC-K-DTC,"[1, 2, 3, 5, 0, 0]",EA,TRCSP,MIC-K,DTC,,,1,2,3,5,0,0
EA-TRCSP-MIC-K-RFC,"[1, 2, 3, 6, 0, 0]",EA,TRCSP,MIC-K,RFC,,,1,2,3,6,0,0
EA-TRCSP-MIC-K-ETC,"[1, 2, 3, 7, 0, 0]",EA,TRCSP,MIC-K,ETC,,,1,2,3,7,0,0
EA-TRCSP-MIC-K-ABC,"[1, 2, 3, 8, 0, 0]",EA,TRCSP,MIC-K,ABC,,,1,2,3,8,0,0
EA-TRCSP-MIC-K-GBC,"[1, 2, 3, 9, 0, 0]",EA,TRCSP,MIC-K,GBC,,,1,2,3,9,0,0
EA-TRCSP-MIC-K-GNB,"[1, 2, 3, 10, 0, 0]",EA,TRCSP,MIC-K,GNB,,,1,2,3,10,0,0
EA-TRCSP-MIC-K-MLP,"[1, 2, 3, 11, 0, 0]",EA,TRCSP,MIC-K,MLP,,,1,2,3,11,0,0
EA-TRCSP-MIC-P-SVM,"[1, 2, 4, 1, 0, 0]",EA,TRCSP,MIC-P,SVM,,,1,2,4,1,0,0
EA-TRCSP-MIC-P-LDA,"[1, 2, 4, 2, 0, 0]",EA,TRCSP,MIC-P,LDA,,,1,2,4,2,0,0
EA-TRCSP-MIC-P-LR,"[1, 2, 4, 3, 0, 0]",EA,TRCSP,MIC-P,LR,,,1,2,4,3,0,0
EA-TRCSP-MIC-P-KNN,"[1, 2, 4, 4, 0, 0]",EA,TRCSP,MIC-P,KNN,,,1,2,4,4,0,0
EA-TRCSP-MIC-P-DTC,"[1, 2, 4, 5, 0, 0]",EA,TRCSP,MIC-P,DTC,,,1,2,4,5,0,0
EA-TRCSP-MIC-P-RFC,"[1, 2, 4, 6, 0, 0]",EA,TRCSP,MIC-P,RFC,,,1,2,4,6,0,0
EA-TRCSP-MIC-P-ETC,"[1, 2, 4, 7, 0, 0]",EA,TRCSP,MIC-P,ETC,,,1,2,4,7,0,0
EA-TRCSP-MIC-P-ABC,"[1, 2, 4, 8, 0, 0]",EA,TRCSP,MIC-P,ABC,,,1,2,4,8,0,0
EA-TRCSP-MIC-P-GBC,"[1, 2, 4, 9, 0, 0]",EA,TRCSP,MIC-P,GBC,,,1,2,4,9,0,0
EA-TRCSP-MIC-P-GNB,"[1, 2, 4, 10, 0, 0]",EA,TRCSP,MIC-P,GNB,,,1,2,4,10,0,0
EA-TRCSP-MIC-P-MLP,"[1, 2, 4, 11, 0, 0]",EA,TRCSP,MIC-P,MLP,,,1,2,4,11,0,0
EA-TRCSP-PCA-SVM,"[1, 2, 5, 1, 0, 0]",EA,TRCSP,PCA,SVM,,,1,2,5,1,0,0
EA-TRCSP-PCA-LDA,"[1, 2, 5, 2, 0, 0]",EA,TRCSP,PCA,LDA,,,1,2,5,2,0,0
EA-TRCSP-PCA-LR,"[1, 2, 5, 3, 0, 0]",EA,TRCSP,PCA,LR,,,1,2,5,3,0,0
EA-TRCSP-PCA-KNN,"[1, 2, 5, 4, 0, 0]",EA,TRCSP,PCA,KNN,,,1,2,5,4,0,0
EA-TRCSP-PCA-DTC,"[1, 2, 5, 5, 0, 0]",EA,TRCSP,PCA,DTC,,,1,2,5,5,0,0
EA-TRCSP-PCA-RFC,"[1, 2, 5, 6, 0, 0]",EA,TRCSP,PCA,RFC,,,1,2,5,6,0,0
EA-TRCSP-PCA-ETC,"[1, 2, 5, 7, 0, 0]",EA,TRCSP,PCA,ETC,,,1,2,5,7,0,0
EA-TRCSP-PCA-ABC,"[1, 2, 5, 8, 0, 0]",EA,TRCSP,PCA,ABC,,,1,2,5,8,0,0
EA-TRCSP-PCA-GBC,"[1, 2, 5, 9, 0, 0]",EA,TRCSP,PCA,GBC,,,1,2,5,9,0,0
EA-TRCSP-PCA-GNB,"[1, 2, 5, 10, 0, 0]",EA,TRCSP,PCA,GNB,,,1,2,5,10,0,0
EA-TRCSP-PCA-MLP,"[1, 2, 5, 11, 0, 0]",EA,TRCSP,PCA,MLP,,,1,2,5,11,0,0
EA-TRCSP-LASSO-SVM,"[1, 2, 6, 1, 0, 0]",EA,TRCSP,LASSO,SVM,,,1,2,6,1,0,0
EA-TRCSP-LASSO-LDA,"[1, 2, 6, 2, 0, 0]",EA,TRCSP,LASSO,LDA,,,1,2,6,2,0,0
EA-TRCSP-LASSO-LR,"[1, 2, 6, 3, 0, 0]",EA,TRCSP,LASSO,LR,,,1,2,6,3,0,0
EA-TRCSP-LASSO-KNN,"[1, 2, 6, 4, 0, 0]",EA,TRCSP,LASSO,KNN,,,1,2,6,4,0,0
EA-TRCSP-LASSO-DTC,"[1, 2, 6, 5, 0, 0]",EA,TRCSP,LASSO,DTC,,,1,2,6,5,0,0
EA-TRCSP-LASSO-RFC,"[1, 2, 6, 6, 0, 0]",EA,TRCSP,LASSO,RFC,,,1,2,6,6,0,0
EA-TRCSP-LASSO-ETC,"[1, 2, 6, 7, 0, 0]",EA,TRCSP,LASSO,ETC,,,1,2,6,7,0,0
EA-TRCSP-LASSO-ABC,"[1, 2, 6, 8, 0, 0]",EA,TRCSP,LASSO,ABC,,,1,2,6,8,0,0
EA-TRCSP-LASSO-GBC,"[1, 2, 6, 9, 0, 0]",EA,TRCSP,LASSO,GBC,,,1,2,6,9,0,0
EA-TRCSP-LASSO-GNB,"[1, 2, 6, 10, 0, 0]",EA,TRCSP,LASSO,GNB,,,1,2,6,10,0,0
EA-TRCSP-LASSO-MLP,"[1, 2, 6, 11, 0, 0]",EA,TRCSP,LASSO,MLP,,,1,2,6,11,0,0
EA-TRCSP-RFE-SVM,"[1, 2, 7, 1, 0, 0]",EA,TRCSP,RFE,SVM,,,1,2,7,1,0,0
EA-TRCSP-RFE-LDA,"[1, 2, 7, 2, 0, 0]",EA,TRCSP,RFE,LDA,,,1,2,7,2,0,0
EA-TRCSP-RFE-LR,"[1, 2, 7, 3, 0, 0]",EA,TRCSP,RFE,LR,,,1,2,7,3,0,0
EA-TRCSP-RFE-KNN,"[1, 2, 7, 4, 0, 0]",EA,TRCSP,RFE,KNN,,,1,2,7,4,0,0
EA-TRCSP-RFE-DTC,"[1, 2, 7, 5, 0, 0]",EA,TRCSP,RFE,DTC,,,1,2,7,5,0,0
EA-TRCSP-RFE-RFC,"[1, 2, 7, 6, 0, 0]",EA,TRCSP,RFE,RFC,,,1,2,7,6,0,0
EA-TRCSP-RFE-ETC,"[1, 2, 7, 7, 0, 0]",EA,TRCSP,RFE,ETC,,,1,2,7,7,0,0
EA-TRCSP-RFE-ABC,"[1, 2, 7, 8, 0, 0]",EA,TRCSP,RFE,ABC,,,1,2,7,8,0,0
EA-TRCSP-RFE-GBC,"[1, 2, 7, 9, 0, 0]",EA,TRCSP,RFE,GBC,,,1,2,7,9,0,0
EA-TRCSP-RFE-GNB,"[1, 2, 7, 10, 0, 0]",EA,TRCSP,RFE,GNB,,,1,2,7,10,0,0
EA-TRCSP-RFE-MLP,"[1, 2, 7, 11, 0, 0]",EA,TRCSP,RFE,MLP,,,1,2,7,11,0,0
EA-TRCSP-RFECV-SVM,"[1, 2, 8, 1, 0, 0]",EA,TRCSP,RFECV,SVM,,,1,2,8,1,0,0
EA-TRCSP-RFECV-LDA,"[1, 2, 8, 2, 0, 0]",EA,TRCSP,RFECV,LDA,,,1,2,8,2,0,0
EA-TRCSP-RFECV-LR,"[1, 2, 8, 3, 0, 0]",EA,TRCSP,RFECV,LR,,,1,2,8,3,0,0
EA-TRCSP-RFECV-KNN,"[1, 2, 8, 4, 0, 0]",EA,TRCSP,RFECV,KNN,,,1,2,8,4,0,0
EA-TRCSP-RFECV-DTC,"[1, 2, 8, 5, 0, 0]",EA,TRCSP,RFECV,DTC,,,1,2,8,5,0,0
EA-TRCSP-RFECV-RFC,"[1, 2, 8, 6, 0, 0]",EA,TRCSP,RFECV,RFC,,,1,2,8,6,0,0
EA-TRCSP-RFECV-ETC,"[1, 2, 8, 7, 0, 0]",EA,TRCSP,RFECV,ETC,,,1,2,8,7,0,0
EA-TRCSP-RFECV-ABC,"[1, 2, 8, 8, 0, 0]",EA,TRCSP,RFECV,ABC,,,1,2,8,8,0,0
EA-TRCSP-RFECV-GBC,"[1, 2, 8, 9, 0, 0]",EA,TRCSP,RFECV,GBC,,,1,2,8,9,0,0
EA-TRCSP-RFECV-GNB,"[1, 2, 8, 10, 0, 0]",EA,TRCSP,RFECV,GNB,,,1,2,8,10,0,0
EA-TRCSP-RFECV-MLP,"[1, 2, 8, 11, 0, 0]",EA,TRCSP,RFECV,MLP,,,1,2,8,11,0,0
EA-TS-SVM,"[1, 5, 0, 1, 0, 0]",EA,TS,,SVM,,,1,5,0,1,0,0
EA-TS-LDA,"[1, 5, 0, 2, 0, 0]",EA,TS,,LDA,,,1,5,0,2,0,0
EA-TS-LR,"[1, 5, 0, 3, 0, 0]",EA,TS,,LR,,,1,5,0,3,0,0
EA-TS-KNN,"[1, 5, 0, 4, 0, 0]",EA,TS,,KNN,,,1,5,0,4,0,0
EA-TS-DTC,"[1, 5, 0, 5, 0, 0]",EA,TS,,DTC,,,1,5,0,5,0,0
EA-TS-RFC,"[1, 5, 0, 6, 0, 0]",EA,TS,,RFC,,,1,5,0,6,0,0
EA-TS-ETC,"[1, 5, 0, 7, 0, 0]",EA,TS,,ETC,,,1,5,0,7,0,0
EA-TS-ABC,"[1, 5, 0, 8, 0, 0]",EA,TS,,ABC,,,1,5,0,8,0,0
EA-TS-GBC,"[1, 5, 0, 9, 0, 0]",EA,TS,,GBC,,,1,5,0,9,0,0
EA-TS-GNB,"[1, 5, 0, 10, 0, 0]",EA,TS,,GNB,,,1,5,0,10,0,0
EA-TS-MLP,"[1, 5, 0, 11, 0, 0]",EA,TS,,MLP,,,1,5,0,11,0,0
EA-TS-ANOVA-K-SVM,"[1, 5, 1, 1, 0, 0]",EA,TS,ANOVA-K,SVM,,,1,5,1,1,0,0
EA-TS-ANOVA-K-LDA,"[1, 5, 1, 2, 0, 0]",EA,TS,ANOVA-K,LDA,,,1,5,1,2,0,0
EA-TS-ANOVA-K-LR,"[1, 5, 1, 3, 0, 0]",EA,TS,ANOVA-K,LR,,,1,5,1,3,0,0
EA-TS-ANOVA-K-KNN,"[1, 5, 1, 4, 0, 0]",EA,TS,ANOVA-K,KNN,,,1,5,1,4,0,0
EA-TS-ANOVA-K-DTC,"[1, 5, 1, 5, 0, 0]",EA,TS,ANOVA-K,DTC,,,1,5,1,5,0,0
EA-TS-ANOVA-K-RFC,"[1, 5, 1, 6, 0, 0]",EA,TS,ANOVA-K,RFC,,,1,5,1,6,0,0
EA-TS-ANOVA-K-ETC,"[1, 5, 1, 7, 0, 0]",EA,TS,ANOVA-K,ETC,,,1,5,1,7,0,0
EA-TS-ANOVA-K-ABC,"[1, 5, 1, 8, 0, 0]",EA,TS,ANOVA-K,ABC,,,1,5,1,8,0,0
EA-TS-ANOVA-K-GBC,"[1, 5, 1, 9, 0, 0]",EA,TS,ANOVA-K,GBC,,,1,5,1,9,0,0
EA-TS-ANOVA-K-GNB,"[1, 5, 1, 10, 0, 0]",EA,TS,ANOVA-K,GNB,,,1,5,1,10,0,0
EA-TS-ANOVA-K-MLP,"[1, 5, 1, 11, 0, 0]",EA,TS,ANOVA-K,MLP,,,1,5,1,11,0,0
EA-TS-ANOVA-P-SVM,"[1, 5, 2, 1, 0, 0]",EA,TS,ANOVA-P,SVM,,,1,5,2,1,0,0
EA-TS-ANOVA-P-LDA,"[1, 5, 2, 2, 0, 0]",EA,TS,ANOVA-P,LDA,,,1,5,2,2,0,0
EA-TS-ANOVA-P-LR,"[1, 5, 2, 3, 0, 0]",EA,TS,ANOVA-P,LR,,,1,5,2,3,0,0
EA-TS-ANOVA-P-KNN,"[1, 5, 2, 4, 0, 0]",EA,TS,ANOVA-P,KNN,,,1,5,2,4,0,0
EA-TS-ANOVA-P-DTC,"[1, 5, 2, 5, 0, 0]",EA,TS,ANOVA-P,DTC,,,1,5,2,5,0,0
EA-TS-ANOVA-P-RFC,"[1, 5, 2, 6, 0, 0]",EA,TS,ANOVA-P,RFC,,,1,5,2,6,0,0
EA-TS-ANOVA-P-ETC,"[1, 5, 2, 7, 0, 0]",EA,TS,ANOVA-P,ETC,,,1,5,2,7,0,0
EA-TS-ANOVA-P-ABC,"[1, 5, 2, 8, 0, 0]",EA,TS,ANOVA-P,ABC,,,1,5,2,8,0,0
EA-TS-ANOVA-P-GBC,"[1, 5, 2, 9, 0, 0]",EA,TS,ANOVA-P,GBC,,,1,5,2,9,0,0
EA-TS-ANOVA-P-GNB,"[1, 5, 2, 10, 0, 0]",EA,TS,ANOVA-P,GNB,,,1,5,2,10,0,0
EA-TS-ANOVA-P-MLP,"[1, 5, 2, 11, 0, 0]",EA,TS,ANOVA-P,MLP,,,1,5,2,11,0,0
EA-TS-MIC-K-SVM,"[1, 5, 3, 1, 0, 0]",EA,TS,MIC-K,SVM,,,1,5,3,1,0,0
EA-TS-MIC-K-LDA,"[1, 5, 3, 2, 0, 0]",EA,TS,MIC-K,LDA,,,1,5,3,2,0,0
EA-TS-MIC-K-LR,"[1, 5, 3, 3, 0, 0]",EA,TS,MIC-K,LR,,,1,5,3,3,0,0
EA-TS-MIC-K-KNN,"[1, 5, 3, 4, 0, 0]",EA,TS,MIC-K,KNN,,,1,5,3,4,0,0
EA-TS-MIC-K-DTC,"[1, 5, 3, 5, 0, 0]",EA,TS,MIC-K,DTC,,,1,5,3,5,0,0
EA-TS-MIC-K-RFC,"[1, 5, 3, 6, 0, 0]",EA,TS,MIC-K,RFC,,,1,5,3,6,0,0
EA-TS-MIC-K-ETC,"[1, 5, 3, 7, 0, 0]",EA,TS,MIC-K,ETC,,,1,5,3,7,0,0
EA-TS-MIC-K-ABC,"[1, 5, 3, 8, 0, 0]",EA,TS,MIC-K,ABC,,,1,5,3,8,0,0
EA-TS-MIC-K-GBC,"[1, 5, 3, 9, 0, 0]",EA,TS,MIC-K,GBC,,,1,5,3,9,0,0
EA-TS-MIC-K-GNB,"[1, 5, 3, 10, 0, 0]",EA,TS,MIC-K,GNB,,,1,5,3,10,0,0
EA-TS-MIC-K-MLP,"[1, 5, 3, 11, 0, 0]",EA,TS,MIC-K,MLP,,,1,5,3,11,0,0
EA-TS-MIC-P-SVM,"[1, 5, 4, 1, 0, 0]",EA,TS,MIC-P,SVM,,,1,5,4,1,0,0
EA-TS-MIC-P-LDA,"[1, 5, 4, 2, 0, 0]",EA,TS,MIC-P,LDA,,,1,5,4,2,0,0
EA-TS-MIC-P-LR,"[1, 5, 4, 3, 0, 0]",EA,TS,MIC-P,LR,,,1,5,4,3,0,0
EA-TS-MIC-P-KNN,"[1, 5, 4, 4, 0, 0]",EA,TS,MIC-P,KNN,,,1,5,4,4,0,0
EA-TS-MIC-P-DTC,"[1, 5, 4, 5, 0, 0]",EA,TS,MIC-P,DTC,,,1,5,4,5,0,0
EA-TS-MIC-P-RFC,"[1, 5, 4, 6, 0, 0]",EA,TS,MIC-P,RFC,,,1,5,4,6,0,0
EA-TS-MIC-P-ETC,"[1, 5, 4, 7, 0, 0]",EA,TS,MIC-P,ETC,,,1,5,4,7,0,0
EA-TS-MIC-P-ABC,"[1, 5, 4, 8, 0, 0]",EA,TS,MIC-P,ABC,,,1,5,4,8,0,0
EA-TS-MIC-P-GBC,"[1, 5, 4, 9, 0, 0]",EA,TS,MIC-P,GBC,,,1,5,4,9,0,0
EA-TS-MIC-P-GNB,"[1, 5, 4, 10, 0, 0]",EA,TS,MIC-P,GNB,,,1,5,4,10,0,0
EA-TS-MIC-P-MLP,"[1, 5, 4, 11, 0, 0]",EA,TS,MIC-P,MLP,,,1,5,4,11,0,0
EA-TS-PCA-SVM,"[1, 5, 5, 1, 0, 0]",EA,TS,PCA,SVM,,,1,5,5,1,0,0
EA-TS-PCA-LDA,"[1, 5, 5, 2, 0, 0]",EA,TS,PCA,LDA,,,1,5,5,2,0,0
EA-TS-PCA-LR,"[1, 5, 5, 3, 0, 0]",EA,TS,PCA,LR,,,1,5,5,3,0,0
EA-TS-PCA-KNN,"[1, 5, 5, 4, 0, 0]",EA,TS,PCA,KNN,,,1,5,5,4,0,0
EA-TS-PCA-DTC,"[1, 5, 5, 5, 0, 0]",EA,TS,PCA,DTC,,,1,5,5,5,0,0
EA-TS-PCA-RFC,"[1, 5, 5, 6, 0, 0]",EA,TS,PCA,RFC,,,1,5,5,6,0,0
EA-TS-PCA-ETC,"[1, 5, 5, 7, 0, 0]",EA,TS,PCA,ETC,,,1,5,5,7,0,0
EA-TS-PCA-ABC,"[1, 5, 5, 8, 0, 0]",EA,TS,PCA,ABC,,,1,5,5,8,0,0
EA-TS-PCA-GBC,"[1, 5, 5, 9, 0, 0]",EA,TS,PCA,GBC,,,1,5,5,9,0,0
EA-TS-PCA-GNB,"[1, 5, 5, 10, 0, 0]",EA,TS,PCA,GNB,,,1,5,5,10,0,0
EA-TS-PCA-MLP,"[1, 5, 5, 11, 0, 0]",EA,TS,PCA,MLP,,,1,5,5,11,0,0
EA-TS-LASSO-SVM,"[1, 5, 6, 1, 0, 0]",EA,TS,LASSO,SVM,,,1,5,6,1,0,0
EA-TS-LASSO-LDA,"[1, 5, 6, 2, 0, 0]",EA,TS,LASSO,LDA,,,1,5,6,2,0,0
EA-TS-LASSO-LR,"[1, 5, 6, 3, 0, 0]",EA,TS,LASSO,LR,,,1,5,6,3,0,0
EA-TS-LASSO-KNN,"[1, 5, 6, 4, 0, 0]",EA,TS,LASSO,KNN,,,1,5,6,4,0,0
EA-TS-LASSO-DTC,"[1, 5, 6, 5, 0, 0]",EA,TS,LASSO,DTC,,,1,5,6,5,0,0
EA-TS-LASSO-RFC,"[1, 5, 6, 6, 0, 0]",EA,TS,LASSO,RFC,,,1,5,6,6,0,0
EA-TS-LASSO-ETC,"[1, 5, 6, 7, 0, 0]",EA,TS,LASSO,ETC,,,1,5,6,7,0,0
EA-TS-LASSO-ABC,"[1, 5, 6, 8, 0, 0]",EA,TS,LASSO,ABC,,,1,5,6,8,0,0
EA-TS-LASSO-GBC,"[1, 5, 6, 9, 0, 0]",EA,TS,LASSO,GBC,,,1,5,6,9,0,0
EA-TS-LASSO-GNB,"[1, 5, 6, 10, 0, 0]",EA,TS,LASSO,GNB,,,1,5,6,10,0,0
EA-TS-LASSO-MLP,"[1, 5, 6, 11, 0, 0]",EA,TS,LASSO,MLP,,,1,5,6,11,0,0
EA-TS-RFE-SVM,"[1, 5, 7, 1, 0, 0]",EA,TS,RFE,SVM,,,1,5,7,1,0,0
EA-TS-RFE-LDA,"[1, 5, 7, 2, 0, 0]",EA,TS,RFE,LDA,,,1,5,7,2,0,0
EA-TS-RFE-LR,"[1, 5, 7, 3, 0, 0]",EA,TS,RFE,LR,,,1,5,7,3,0,0
EA-TS-RFE-KNN,"[1, 5, 7, 4, 0, 0]",EA,TS,RFE,KNN,,,1,5,7,4,0,0
EA-TS-RFE-DTC,"[1, 5, 7, 5, 0, 0]",EA,TS,RFE,DTC,,,1,5,7,5,0,0
EA-TS-RFE-RFC,"[1, 5, 7, 6, 0, 0]",EA,TS,RFE,RFC,,,1,5,7,6,0,0
EA-TS-RFE-ETC,"[1, 5, 7, 7, 0, 0]",EA,TS,RFE,ETC,,,1,5,7,7,0,0
EA-TS-RFE-ABC,"[1, 5, 7, 8, 0, 0]",EA,TS,RFE,ABC,,,1,5,7,8,0,0
EA-TS-RFE-GBC,"[1, 5, 7, 9, 0, 0]",EA,TS,RFE,GBC,,,1,5,7,9,0,0
EA-TS-RFE-GNB,"[1, 5, 7, 10, 0, 0]",EA,TS,RFE,GNB,,,1,5,7,10,0,0
EA-TS-RFE-MLP,"[1, 5, 7, 11, 0, 0]",EA,TS,RFE,MLP,,,1,5,7,11,0,0
EA-TS-RFECV-SVM,"[1, 5, 8, 1, 0, 0]",EA,TS,RFECV,SVM,,,1,5,8,1,0,0
EA-TS-RFECV-LDA,"[1, 5, 8, 2, 0, 0]",EA,TS,RFECV,LDA,,,1,5,8,2,0,0
EA-TS-RFECV-LR,"[1, 5, 8, 3, 0, 0]",EA,TS,RFECV,LR,,,1,5,8,3,0,0
EA-TS-RFECV-KNN,"[1, 5, 8, 4, 0, 0]",EA,TS,RFECV,KNN,,,1,5,8,4,0,0
EA-TS-RFECV-DTC,"[1, 5, 8, 5, 0, 0]",EA,TS,RFECV,DTC,,,1,5,8,5,0,0
EA-TS-RFECV-RFC,"[1, 5, 8, 6, 0, 0]",EA,TS,RFECV,RFC,,,1,5,8,6,0,0
EA-TS-RFECV-ETC,"[1, 5, 8, 7, 0, 0]",EA,TS,RFECV,ETC,,,1,5,8,7,0,0
EA-TS-RFECV-ABC,"[1, 5, 8, 8, 0, 0]",EA,TS,RFECV,ABC,,,1,5,8,8,0,0
EA-TS-RFECV-GBC,"[1, 5, 8, 9, 0, 0]",EA,TS,RFECV,GBC,,,1,5,8,9,0,0
EA-TS-RFECV-GNB,"[1, 5, 8, 10, 0, 0]",EA,TS,RFECV,GNB,,,1,5,8,10,0,0
EA-TS-RFECV-MLP,"[1, 5, 8, 11, 0, 0]",EA,TS,RFECV,MLP,,,1,5,8,11,0,0
RA-CSP-SVM,"[2, 1, 0, 1, 0, 0]",RA,CSP,,SVM,,,2,1,0,1,0,0
RA-CSP-LDA,"[2, 1, 0, 2, 0, 0]",RA,CSP,,LDA,,,2,1,0,2,0,0
RA-CSP-LR,"[2, 1, 0, 3, 0, 0]",RA,CSP,,LR,,,2,1,0,3,0,0
RA-CSP-KNN,"[2, 1, 0, 4, 0, 0]",RA,CSP,,KNN,,,2,1,0,4,0,0
RA-CSP-DTC,"[2, 1, 0, 5, 0, 0]",RA,CSP,,DTC,,,2,1,0,5,0,0
RA-CSP-RFC,"[2, 1, 0, 6, 0, 0]",RA,CSP,,RFC,,,2,1,0,6,0,0
RA-CSP-ETC,"[2, 1, 0, 7, 0, 0]",RA,CSP,,ETC,,,2,1,0,7,0,0
RA-CSP-ABC,"[2, 1, 0, 8, 0, 0]",RA,CSP,,ABC,,,2,1,0,8,0,0
RA-CSP-GBC,"[2, 1, 0, 9, 0, 0]",RA,CSP,,GBC,,,2,1,0,9,0,0
RA-CSP-GNB,"[2, 1, 0, 10, 0, 0]",RA,CSP,,GNB,,,2,1,0,10,0,0
RA-CSP-MLP,"[2, 1, 0, 11, 0, 0]",RA,CSP,,MLP,,,2,1,0,11,0,0
RA-CSP-ANOVA-K-SVM,"[2, 1, 1, 1, 0, 0]",RA,CSP,ANOVA-K,SVM,,,2,1,1,1,0,0
RA-CSP-ANOVA-K-LDA,"[2, 1, 1, 2, 0, 0]",RA,CSP,ANOVA-K,LDA,,,2,1,1,2,0,0
RA-CSP-ANOVA-K-LR,"[2, 1, 1, 3, 0, 0]",RA,CSP,ANOVA-K,LR,,,2,1,1,3,0,0
RA-CSP-ANOVA-K-KNN,"[2, 1, 1, 4, 0, 0]",RA,CSP,ANOVA-K,KNN,,,2,1,1,4,0,0
RA-CSP-ANOVA-K-DTC,"[2, 1, 1, 5, 0, 0]",RA,CSP,ANOVA-K,DTC,,,2,1,1,5,0,0
RA-CSP-ANOVA-K-RFC,"[2, 1, 1, 6, 0, 0]",RA,CSP,ANOVA-K,RFC,,,2,1,1,6,0,0
RA-CSP-ANOVA-K-ETC,"[2, 1, 1, 7, 0, 0]",RA,CSP,ANOVA-K,ETC,,,2,1,1,7,0,0
RA-CSP-ANOVA-K-ABC,"[2, 1, 1, 8, 0, 0]",RA,CSP,ANOVA-K,ABC,,,2,1,1,8,0,0
RA-CSP-ANOVA-K-GBC,"[2, 1, 1, 9, 0, 0]",RA,CSP,ANOVA-K,GBC,,,2,1,1,9,0,0
RA-CSP-ANOVA-K-GNB,"[2, 1, 1, 10, 0, 0]",RA,CSP,ANOVA-K,GNB,,,2,1,1,10,0,0
RA-CSP-ANOVA-K-MLP,"[2, 1, 1, 11, 0, 0]",RA,CSP,ANOVA-K,MLP,,,2,1,1,11,0,0
RA-CSP-ANOVA-P-SVM,"[2, 1, 2, 1, 0, 0]",RA,CSP,ANOVA-P,SVM,,,2,1,2,1,0,0
RA-CSP-ANOVA-P-LDA,"[2, 1, 2, 2, 0, 0]",RA,CSP,ANOVA-P,LDA,,,2,1,2,2,0,0
RA-CSP-ANOVA-P-LR,"[2, 1, 2, 3, 0, 0]",RA,CSP,ANOVA-P,LR,,,2,1,2,3,0,0
RA-CSP-ANOVA-P-KNN,"[2, 1, 2, 4, 0, 0]",RA,CSP,ANOVA-P,KNN,,,2,1,2,4,0,0
RA-CSP-ANOVA-P-DTC,"[2, 1, 2, 5, 0, 0]",RA,CSP,ANOVA-P,DTC,,,2,1,2,5,0,0
RA-CSP-ANOVA-P-RFC,"[2, 1, 2, 6, 0, 0]",RA,CSP,ANOVA-P,RFC,,,2,1,2,6,0,0
RA-CSP-ANOVA-P-ETC,"[2, 1, 2, 7, 0, 0]",RA,CSP,ANOVA-P,ETC,,,2,1,2,7,0,0
RA-CSP-ANOVA-P-ABC,"[2, 1, 2, 8, 0, 0]",RA,CSP,ANOVA-P,ABC,,,2,1,2,8,0,0
RA-CSP-ANOVA-P-GBC,"[2, 1, 2, 9, 0, 0]",RA,CSP,ANOVA-P,GBC,,,2,1,2,9,0,0
RA-CSP-ANOVA-P-GNB,"[2, 1, 2, 10, 0, 0]",RA,CSP,ANOVA-P,GNB,,,2,1,2,10,0,0
RA-CSP-ANOVA-P-MLP,"[2, 1, 2, 11, 0, 0]",RA,CSP,ANOVA-P,MLP,,,2,1,2,11,0,0
RA-CSP-MIC-K-SVM,"[2, 1, 3, 1, 0, 0]",RA,CSP,MIC-K,SVM,,,2,1,3,1,0,0
RA-CSP-MIC-K-LDA,"[2, 1, 3, 2, 0, 0]",RA,CSP,MIC-K,LDA,,,2,1,3,2,0,0
RA-CSP-MIC-K-LR,"[2, 1, 3, 3, 0, 0]",RA,CSP,MIC-K,LR,,,2,1,3,3,0,0
RA-CSP-MIC-K-KNN,"[2, 1, 3, 4, 0, 0]",RA,CSP,MIC-K,KNN,,,2,1,3,4,0,0
RA-CSP-MIC-K-DTC,"[2, 1, 3, 5, 0, 0]",RA,CSP,MIC-K,DTC,,,2,1,3,5,0,0
RA-CSP-MIC-K-RFC,"[2, 1, 3, 6, 0, 0]",RA,CSP,MIC-K,RFC,,,2,1,3,6,0,0
RA-CSP-MIC-K-ETC,"[2, 1, 3, 7, 0, 0]",RA,CSP,MIC-K,ETC,,,2,1,3,7,0,0
RA-CSP-MIC-K-ABC,"[2, 1, 3, 8, 0, 0]",RA,CSP,MIC-K,ABC,,,2,1,3,8,0,0
RA-CSP-MIC-K-GBC,"[2, 1, 3, 9, 0, 0]",RA,CSP,MIC-K,GBC,,,2,1,3,9,0,0
RA-CSP-MIC-K-GNB,"[2, 1, 3, 10, 0, 0]",RA,CSP,MIC-K,GNB,,,2,1,3,10,0,0
RA-CSP-MIC-K-MLP,"[2, 1, 3, 11, 0, 0]",RA,CSP,MIC-K,MLP,,,2,1,3,11,0,0
RA-CSP-MIC-P-SVM,"[2, 1, 4, 1, 0, 0]",RA,CSP,MIC-P,SVM,,,2,1,4,1,0,0
RA-CSP-MIC-P-LDA,"[2, 1, 4, 2, 0, 0]",RA,CSP,MIC-P,LDA,,,2,1,4,2,0,0
RA-CSP-MIC-P-LR,"[2, 1, 4, 3, 0, 0]",RA,CSP,MIC-P,LR,,,2,1,4,3,0,0
RA-CSP-MIC-P-KNN,"[2, 1, 4, 4, 0, 0]",RA,CSP,MIC-P,KNN,,,2,1,4,4,0,0
RA-CSP-MIC-P-DTC,"[2, 1, 4, 5, 0, 0]",RA,CSP,MIC-P,DTC,,,2,1,4,5,0,0
RA-CSP-MIC-P-RFC,"[2, 1, 4, 6, 0, 0]",RA,CSP,MIC-P,RFC,,,2,1,4,6,0,0
RA-CSP-MIC-P-ETC,"[2, 1, 4, 7, 0, 0]",RA,CSP,MIC-P,ETC,,,2,1,4,7,0,0
RA-CSP-MIC-P-ABC,"[2, 1, 4, 8, 0, 0]",RA,CSP,MIC-P,ABC,,,2,1,4,8,0,0
RA-CSP-MIC-P-GBC,"[2, 1, 4, 9, 0, 0]",RA,CSP,MIC-P,GBC,,,2,1,4,9,0,0
RA-CSP-MIC-P-GNB,"[2, 1, 4, 10, 0, 0]",RA,CSP,MIC-P,GNB,,,2,1,4,10,0,0
RA-CSP-MIC-P-MLP,"[2, 1, 4, 11, 0, 0]",RA,CSP,MIC-P,MLP,,,2,1,4,11,0,0
RA-CSP-PCA-SVM,"[2, 1, 5, 1, 0, 0]",RA,CSP,PCA,SVM,,,2,1,5,1,0,0
RA-CSP-PCA-LDA,"[2, 1, 5, 2, 0, 0]",RA,CSP,PCA,LDA,,,2,1,5,2,0,0
RA-CSP-PCA-LR,"[2, 1, 5, 3, 0, 0]",RA,CSP,PCA,LR,,,2,1,5,3,0,0
RA-CSP-PCA-KNN,"[2, 1, 5, 4, 0, 0]",RA,CSP,PCA,KNN,,,2,1,5,4,0,0
RA-CSP-PCA-DTC,"[2, 1, 5, 5, 0, 0]",RA,CSP,PCA,DTC,,,2,1,5,5,0,0
RA-CSP-PCA-RFC,"[2, 1, 5, 6, 0, 0]",RA,CSP,PCA,RFC,,,2,1,5,6,0,0
RA-CSP-PCA-ETC,"[2, 1, 5, 7, 0, 0]",RA,CSP,PCA,ETC,,,2,1,5,7,0,0
RA-CSP-PCA-ABC,"[2, 1, 5, 8, 0, 0]",RA,CSP,PCA,ABC,,,2,1,5,8,0,0
RA-CSP-PCA-GBC,"[2, 1, 5, 9, 0, 0]",RA,CSP,PCA,GBC,,,2,1,5,9,0,0
RA-CSP-PCA-GNB,"[2, 1, 5, 10, 0, 0]",RA,CSP,PCA,GNB,,,2,1,5,10,0,0
RA-CSP-PCA-MLP,"[2, 1, 5, 11, 0, 0]",RA,CSP,PCA,MLP,,,2,1,5,11,0,0
RA-CSP-LASSO-SVM,"[2, 1, 6, 1, 0, 0]",RA,CSP,LASSO,SVM,,,2,1,6,1,0,0
RA-CSP-LASSO-LDA,"[2, 1, 6, 2, 0, 0]",RA,CSP,LASSO,LDA,,,2,1,6,2,0,0
RA-CSP-LASSO-LR,"[2, 1, 6, 3, 0, 0]",RA,CSP,LASSO,LR,,,2,1,6,3,0,0
RA-CSP-LASSO-KNN,"[2, 1, 6, 4, 0, 0]",RA,CSP,LASSO,KNN,,,2,1,6,4,0,0
RA-CSP-LASSO-DTC,"[2, 1, 6, 5, 0, 0]",RA,CSP,LASSO,DTC,,,2,1,6,5,0,0
RA-CSP-LASSO-RFC,"[2, 1, 6, 6, 0, 0]",RA,CSP,LASSO,RFC,,,2,1,6,6,0,0
RA-CSP-LASSO-ETC,"[2, 1, 6, 7, 0, 0]",RA,CSP,LASSO,ETC,,,2,1,6,7,0,0
RA-CSP-LASSO-ABC,"[2, 1, 6, 8, 0, 0]",RA,CSP,LASSO,ABC,,,2,1,6,8,0,0
RA-CSP-LASSO-GBC,"[2, 1, 6, 9, 0, 0]",RA,CSP,LASSO,GBC,,,2,1,6,9,0,0
RA-CSP-LASSO-GNB,"[2, 1, 6, 10, 0, 0]",RA,CSP,LASSO,GNB,,,2,1,6,10,0,0
RA-CSP-LASSO-MLP,"[2, 1, 6, 11, 0, 0]",RA,CSP,LASSO,MLP,,,2,1,6,11,0,0
RA-CSP-RFE-SVM,"[2, 1, 7, 1, 0, 0]",RA,CSP,RFE,SVM,,,2,1,7,1,0,0
RA-CSP-RFE-LDA,"[2, 1, 7, 2, 0, 0]",RA,CSP,RFE,LDA,,,2,1,7,2,0,0
RA-CSP-RFE-LR,"[2, 1, 7, 3, 0, 0]",RA,CSP,RFE,LR,,,2,1,7,3,0,0
RA-CSP-RFE-KNN,"[2, 1, 7, 4, 0, 0]",RA,CSP,RFE,KNN,,,2,1,7,4,0,0
RA-CSP-RFE-DTC,"[2, 1, 7, 5, 0, 0]",RA,CSP,RFE,DTC,,,2,1,7,5,0,0
RA-CSP-RFE-RFC,"[2, 1, 7, 6, 0, 0]",RA,CSP,RFE,RFC,,,2,1,7,6,0,0
RA-CSP-RFE-ETC,"[2, 1, 7, 7, 0, 0]",RA,CSP,RFE,ETC,,,2,1,7,7,0,0
RA-CSP-RFE-ABC,"[2, 1, 7, 8, 0, 0]",RA,CSP,RFE,ABC,,,2,1,7,8,0,0
RA-CSP-RFE-GBC,"[2, 1, 7, 9, 0, 0]",RA,CSP,RFE,GBC,,,2,1,7,9,0,0
RA-CSP-RFE-GNB,"[2, 1, 7, 10, 0, 0]",RA,CSP,RFE,GNB,,,2,1,7,10,0,0
RA-CSP-RFE-MLP,"[2, 1, 7, 11, 0, 0]",RA,CSP,RFE,MLP,,,2,1,7,11,0,0
RA-CSP-RFECV-SVM,"[2, 1, 8, 1, 0, 0]",RA,CSP,RFECV,SVM,,,2,1,8,1,0,0
RA-CSP-RFECV-LDA,"[2, 1, 8, 2, 0, 0]",RA,CSP,RFECV,LDA,,,2,1,8,2,0,0
RA-CSP-RFECV-LR,"[2, 1, 8, 3, 0, 0]",RA,CSP,RFECV,LR,,,2,1,8,3,0,0
RA-CSP-RFECV-KNN,"[2, 1, 8, 4, 0, 0]",RA,CSP,RFECV,KNN,,,2,1,8,4,0,0
RA-CSP-RFECV-DTC,"[2, 1, 8, 5, 0, 0]",RA,CSP,RFECV,DTC,,,2,1,8,5,0,0
RA-CSP-RFECV-RFC,"[2, 1, 8, 6, 0, 0]",RA,CSP,RFECV,RFC,,,2,1,8,6,0,0
RA-CSP-RFECV-ETC,"[2, 1, 8, 7, 0, 0]",RA,CSP,RFECV,ETC,,,2,1,8,7,0,0
RA-CSP-RFECV-ABC,"[2, 1, 8, 8, 0, 0]",RA,CSP,RFECV,ABC,,,2,1,8,8,0,0
RA-CSP-RFECV-GBC,"[2, 1, 8, 9, 0, 0]",RA,CSP,RFECV,GBC,,,2,1,8,9,0,0
RA-CSP-RFECV-GNB,"[2, 1, 8, 10, 0, 0]",RA,CSP,RFECV,GNB,,,2,1,8,10,0,0
RA-CSP-RFECV-MLP,"[2, 1, 8, 11, 0, 0]",RA,CSP,RFECV,MLP,,,2,1,8,11,0,0
RA-TRCSP-SVM,"[2, 2, 0, 1, 0, 0]",RA,TRCSP,,SVM,,,2,2,0,1,0,0
RA-TRCSP-LDA,"[2, 2, 0, 2, 0, 0]",RA,TRCSP,,LDA,,,2,2,0,2,0,0
RA-TRCSP-LR,"[2, 2, 0, 3, 0, 0]",RA,TRCSP,,LR,,,2,2,0,3,0,0
RA-TRCSP-KNN,"[2, 2, 0, 4, 0, 0]",RA,TRCSP,,KNN,,,2,2,0,4,0,0
RA-TRCSP-DTC,"[2, 2, 0, 5, 0, 0]",RA,TRCSP,,DTC,,,2,2,0,5,0,0
RA-TRCSP-RFC,"[2, 2, 0, 6, 0, 0]",RA,TRCSP,,RFC,,,2,2,0,6,0,0
RA-TRCSP-ETC,"[2, 2, 0, 7, 0, 0]",RA,TRCSP,,ETC,,,2,2,0,7,0,0
RA-TRCSP-ABC,"[2, 2, 0, 8, 0, 0]",RA,TRCSP,,ABC,,,2,2,0,8,0,0
RA-TRCSP-GBC,"[2, 2, 0, 9, 0, 0]",RA,TRCSP,,GBC,,,2,2,0,9,0,0
RA-TRCSP-GNB,"[2, 2, 0, 10, 0, 0]",RA,TRCSP,,GNB,,,2,2,0,10,0,0
RA-TRCSP-MLP,"[2, 2, 0, 11, 0, 0]",RA,TRCSP,,MLP,,,2,2,0,11,0,0
RA-TRCSP-ANOVA-K-SVM,"[2, 2, 1, 1, 0, 0]",RA,TRCSP,ANOVA-K,SVM,,,2,2,1,1,0,0
RA-TRCSP-ANOVA-K-LDA,"[2, 2, 1, 2, 0, 0]",RA,TRCSP,ANOVA-K,LDA,,,2,2,1,2,0,0
RA-TRCSP-ANOVA-K-LR,"[2, 2, 1, 3, 0, 0]",RA,TRCSP,ANOVA-K,LR,,,2,2,1,3,0,0
RA-TRCSP-ANOVA-K-KNN,"[2, 2, 1, 4, 0, 0]",RA,TRCSP,ANOVA-K,KNN,,,2,2,1,4,0,0
RA-TRCSP-ANOVA-K-DTC,"[2, 2, 1, 5, 0, 0]",RA,TRCSP,ANOVA-K,DTC,,,2,2,1,5,0,0
RA-TRCSP-ANOVA-K-RFC,"[2, 2, 1, 6, 0, 0]",RA,TRCSP,ANOVA-K,RFC,,,2,2,1,6,0,0
RA-TRCSP-ANOVA-K-ETC,"[2, 2, 1, 7, 0, 0]",RA,TRCSP,ANOVA-K,ETC,,,2,2,1,7,0,0
RA-TRCSP-ANOVA-K-ABC,"[2, 2, 1, 8, 0, 0]",RA,TRCSP,ANOVA-K,ABC,,,2,2,1,8,0,0
RA-TRCSP-ANOVA-K-GBC,"[2, 2, 1, 9, 0, 0]",RA,TRCSP,ANOVA-K,GBC,,,2,2,1,9,0,0
RA-TRCSP-ANOVA-K-GNB,"[2, 2, 1, 10, 0, 0]",RA,TRCSP,ANOVA-K,GNB,,,2,2,1,10,0,0
RA-TRCSP-ANOVA-K-MLP,"[2, 2, 1, 11, 0, 0]",RA,TRCSP,ANOVA-K,MLP,,,2,2,1,11,0,0
RA-TRCSP-ANOVA-P-SVM,"[2, 2, 2, 1, 0, 0]",RA,TRCSP,ANOVA-P,SVM,,,2,2,2,1,0,0
RA-TRCSP-ANOVA-P-LDA,"[2, 2, 2, 2, 0, 0]",RA,TRCSP,ANOVA-P,LDA,,,2,2,2,2,0,0
RA-TRCSP-ANOVA-P-LR,"[2, 2, 2, 3, 0, 0]",RA,TRCSP,ANOVA-P,LR,,,2,2,2,3,0,0
RA-TRCSP-ANOVA-P-KNN,"[2, 2, 2, 4, 0, 0]",RA,TRCSP,ANOVA-P,KNN,,,2,2,2,4,0,0
RA-TRCSP-ANOVA-P-DTC,"[2, 2, 2, 5, 0, 0]",RA,TRCSP,ANOVA-P,DTC,,,2,2,2,5,0,0
RA-TRCSP-ANOVA-P-RFC,"[2, 2, 2, 6, 0, 0]",RA,TRCSP,ANOVA-P,RFC,,,2,2,2,6,0,0
RA-TRCSP-ANOVA-P-ETC,"[2, 2, 2, 7, 0, 0]",RA,TRCSP,ANOVA-P,ETC,,,2,2,2,7,0,0
RA-TRCSP-ANOVA-P-ABC,"[2, 2, 2, 8, 0, 0]",RA,TRCSP,ANOVA-P,ABC,,,2,2,2,8,0,0
RA-TRCSP-ANOVA-P-GBC,"[2, 2, 2, 9, 0, 0]",RA,TRCSP,ANOVA-P,GBC,,,2,2,2,9,0,0
RA-TRCSP-ANOVA-P-GNB,"[2, 2, 2, 10, 0, 0]",RA,TRCSP,ANOVA-P,GNB,,,2,2,2,10,0,0
RA-TRCSP-ANOVA-P-MLP,"[2, 2, 2, 11, 0, 0]",RA,TRCSP,ANOVA-P,MLP,,,2,2,2,11,0,0
RA-TRCSP-MIC-K-SVM,"[2, 2, 3, 1, 0, 0]",RA,TRCSP,MIC-K,SVM,,,2,2,3,1,0,0
RA-TRCSP-MIC-K-LDA,"[2, 2, 3, 2, 0, 0]",RA,TRCSP,MIC-K,LDA,,,2,2,3,2,0,0
RA-TRCSP-MIC-K-LR,"[2, 2, 3, 3, 0, 0]",RA,TRCSP,MIC-K,LR,,,2,2,3,3,0,0
RA-TRCSP-MIC-K-KNN,"[2, 2, 3, 4, 0, 0]",RA,TRCSP,MIC-K,KNN,,,2,2,3,4,0,0
RA-TRCSP-MIC-K-DTC,"[2, 2, 3, 5, 0, 0]",RA,TRCSP,MIC-K,DTC,,,2,2,3,5,0,0
RA-TRCSP-MIC-K-RFC,"[2, 2, 3, 6, 0, 0]",RA,TRCSP,MIC-K,RFC,,,2,2,3,6,0,0
RA-TRCSP-MIC-K-ETC,"[2, 2, 3, 7, 0, 0]",RA,TRCSP,MIC-K,ETC,,,2,2,3,7,0,0
RA-TRCSP-MIC-K-ABC,"[2, 2, 3, 8, 0, 0]",RA,TRCSP,MIC-K,ABC,,,2,2,3,8,0,0
RA-TRCSP-MIC-K-GBC,"[2, 2, 3, 9, 0, 0]",RA,TRCSP,MIC-K,GBC,,,2,2,3,9,0,0
RA-TRCSP-MIC-K-GNB,"[2, 2, 3, 10, 0, 0]",RA,TRCSP,MIC-K,GNB,,,2,2,3,10,0,0
RA-TRCSP-MIC-K-MLP,"[2, 2, 3, 11, 0, 0]",RA,TRCSP,MIC-K,MLP,,,2,2,3,11,0,0
RA-TRCSP-MIC-P-SVM,"[2, 2, 4, 1, 0, 0]",RA,TRCSP,MIC-P,SVM,,,2,2,4,1,0,0
RA-TRCSP-MIC-P-LDA,"[2, 2, 4, 2, 0, 0]",RA,TRCSP,MIC-P,LDA,,,2,2,4,2,0,0
RA-TRCSP-MIC-P-LR,"[2, 2, 4, 3, 0, 0]",RA,TRCSP,MIC-P,LR,,,2,2,4,3,0,0
RA-TRCSP-MIC-P-KNN,"[2, 2, 4, 4, 0, 0]",RA,TRCSP,MIC-P,KNN,,,2,2,4,4,0,0
RA-TRCSP-MIC-P-DTC,"[2, 2, 4, 5, 0, 0]",RA,TRCSP,MIC-P,DTC,,,2,2,4,5,0,0
RA-TRCSP-MIC-P-RFC,"[2, 2, 4, 6, 0, 0]",RA,TRCSP,MIC-P,RFC,,,2,2,4,6,0,0
RA-TRCSP-MIC-P-ETC,"[2, 2, 4, 7, 0, 0]",RA,TRCSP,MIC-P,ETC,,,2,2,4,7,0,0
RA-TRCSP-MIC-P-ABC,"[2, 2, 4, 8, 0, 0]",RA,TRCSP,MIC-P,ABC,,,2,2,4,8,0,0
RA-TRCSP-MIC-P-GBC,"[2, 2, 4, 9, 0, 0]",RA,TRCSP,MIC-P,GBC,,,2,2,4,9,0,0
RA-TRCSP-MIC-P-GNB,"[2, 2, 4, 10, 0, 0]",RA,TRCSP,MIC-P,GNB,,,2,2,4,10,0,0
RA-TRCSP-MIC-P-MLP,"[2, 2, 4, 11, 0, 0]",RA,TRCSP,MIC-P,MLP,,,2,2,4,11,0,0
RA-TRCSP-PCA-SVM,"[2, 2, 5, 1, 0, 0]",RA,TRCSP,PCA,SVM,,,2,2,5,1,0,0
RA-TRCSP-PCA-LDA,"[2, 2, 5, 2, 0, 0]",RA,TRCSP,PCA,LDA,,,2,2,5,2,0,0
RA-TRCSP-PCA-LR,"[2, 2, 5, 3, 0, 0]",RA,TRCSP,PCA,LR,,,2,2,5,3,0,0
RA-TRCSP-PCA-KNN,"[2, 2, 5, 4, 0, 0]",RA,TRCSP,PCA,KNN,,,2,2,5,4,0,0
RA-TRCSP-PCA-DTC,"[2, 2, 5, 5, 0, 0]",RA,TRCSP,PCA,DTC,,,2,2,5,5,0,0
RA-TRCSP-PCA-RFC,"[2, 2, 5, 6, 0, 0]",RA,TRCSP,PCA,RFC,,,2,2,5,6,0,0
RA-TRCSP-PCA-ETC,"[2, 2, 5, 7, 0, 0]",RA,TRCSP,PCA,ETC,,,2,2,5,7,0,0
RA-TRCSP-PCA-ABC,"[2, 2, 5, 8, 0, 0]",RA,TRCSP,PCA,ABC,,,2,2,5,8,0,0
RA-TRCSP-PCA-GBC,"[2, 2, 5, 9, 0, 0]",RA,TRCSP,PCA,GBC,,,2,2,5,9,0,0
RA-TRCSP-PCA-GNB,"[2, 2, 5, 10, 0, 0]",RA,TRCSP,PCA,GNB,,,2,2,5,10,0,0
RA-TRCSP-PCA-MLP,"[2, 2, 5, 11, 0, 0]",RA,TRCSP,PCA,MLP,,,2,2,5,11,0,0
RA-TRCSP-LASSO-SVM,"[2, 2, 6, 1, 0, 0]",RA,TRCSP,LASSO,SVM,,,2,2,6,1,0,0
RA-TRCSP-LASSO-LDA,"[2, 2, 6, 2, 0, 0]",RA,TRCSP,LASSO,LDA,,,2,2,6,2,0,0
RA-TRCSP-LASSO-LR,"[2, 2, 6, 3, 0, 0]",RA,TRCSP,LASSO,LR,,,2,2,6,3,0,0
RA-TRCSP-LASSO-KNN,"[2, 2, 6, 4, 0, 0]",RA,TRCSP,LASSO,KNN,,,2,2,6,4,0,0
RA-TRCSP-LASSO-DTC,"[2, 2, 6, 5, 0, 0]",RA,TRCSP,LASSO,DTC,,,2,2,6,5,0,0
RA-TRCSP-LASSO-RFC,"[2, 2, 6, 6, 0, 0]",RA,TRCSP,LASSO,RFC,,,2,2,6,6,0,0
RA-TRCSP-LASSO-ETC,"[2, 2, 6, 7, 0, 0]",RA,TRCSP,LASSO,ETC,,,2,2,6,7,0,0
RA-TRCSP-LASSO-ABC,"[2, 2, 6, 8, 0, 0]",RA,TRCSP,LASSO,ABC,,,2,2,6,8,0,0
RA-TRCSP-LASSO-GBC,"[2, 2, 6, 9, 0, 0]",RA,TRCSP,LASSO,GBC,,,2,2,6,9,0,0
RA-TRCSP-LASSO-GNB,"[2, 2, 6, 10, 0, 0]",RA,TRCSP,LASSO,GNB,,,2,2,6,10,0,0
RA-TRCSP-LASSO-MLP,"[2, 2, 6, 11, 0, 0]",RA,TRCSP,LASSO,MLP,,,2,2,6,11,0,0
RA-TRCSP-RFE-SVM,"[2, 2, 7, 1, 0, 0]",RA,TRCSP,RFE,SVM,,,2,2,7,1,0,0
RA-TRCSP-RFE-LDA,"[2, 2, 7, 2, 0, 0]",RA,TRCSP,RFE,LDA,,,2,2,7,2,0,0
RA-TRCSP-RFE-LR,"[2, 2, 7, 3, 0, 0]",RA,TRCSP,RFE,LR,,,2,2,7,3,0,0
RA-TRCSP-RFE-KNN,"[2, 2, 7, 4, 0, 0]",RA,TRCSP,RFE,KNN,,,2,2,7,4,0,0
RA-TRCSP-RFE-DTC,"[2, 2, 7, 5, 0, 0]",RA,TRCSP,RFE,DTC,,,2,2,7,5,0,0
RA-TRCSP-RFE-RFC,"[2, 2, 7, 6, 0, 0]",RA,TRCSP,RFE,RFC,,,2,2,7,6,0,0
RA-TRCSP-RFE-ETC,"[2, 2, 7, 7, 0, 0]",RA,TRCSP,RFE,ETC,,,2,2,7,7,0,0
RA-TRCSP-RFE-ABC,"[2, 2, 7, 8, 0, 0]",RA,TRCSP,RFE,ABC,,,2,2,7,8,0,0
RA-TRCSP-RFE-GBC,"[2, 2, 7, 9, 0, 0]",RA,TRCSP,RFE,GBC,,,2,2,7,9,0,0
RA-TRCSP-RFE-GNB,"[2, 2, 7, 10, 0, 0]",RA,TRCSP,RFE,GNB,,,2,2,7,10,0,0
RA-TRCSP-RFE-MLP,"[2, 2, 7, 11, 0, 0]",RA,TRCSP,RFE,MLP,,,2,2,7,11,0,0
RA-TRCSP-RFECV-SVM,"[2, 2, 8, 1, 0, 0]",RA,TRCSP,RFECV,SVM,,,2,2,8,1,0,0
RA-TRCSP-RFECV-LDA,"[2, 2, 8, 2, 0, 0]",RA,TRCSP,RFECV,LDA,,,2,2,8,2,0,0
RA-TRCSP-RFECV-LR,"[2, 2, 8, 3, 0, 0]",RA,TRCSP,RFECV,LR,,,2,2,8,3,0,0
RA-TRCSP-RFECV-KNN,"[2, 2, 8, 4, 0, 0]",RA,TRCSP,RFECV,KNN,,,2,2,8,4,0,0
RA-TRCSP-RFECV-DTC,"[2, 2, 8, 5, 0, 0]",RA,TRCSP,RFECV,DTC,,,2,2,8,5,0,0
RA-TRCSP-RFECV-RFC,"[2, 2, 8, 6, 0, 0]",RA,TRCSP,RFECV,RFC,,,2,2,8,6,0,0
RA-TRCSP-RFECV-ETC,"[2, 2, 8, 7, 0, 0]",RA,TRCSP,RFECV,ETC,,,2,2,8,7,0,0
RA-TRCSP-RFECV-ABC,"[2, 2, 8, 8, 0, 0]",RA,TRCSP,RFECV,ABC,,,2,2,8,8,0,0
RA-TRCSP-RFECV-GBC,"[2, 2, 8, 9, 0, 0]",RA,TRCSP,RFECV,GBC,,,2,2,8,9,0,0
RA-TRCSP-RFECV-GNB,"[2, 2, 8, 10, 0, 0]",RA,TRCSP,RFECV,GNB,,,2,2,8,10,0,0
RA-TRCSP-RFECV-MLP,"[2, 2, 8, 11, 0, 0]",RA,TRCSP,RFECV,MLP,,,2,2,8,11,0,0
RA-TS-SVM,"[2, 5, 0, 1, 0, 0]",RA,TS,,SVM,,,2,5,0,1,0,0
RA-TS-LDA,"[2, 5, 0, 2, 0, 0]",RA,TS,,LDA,,,2,5,0,2,0,0
RA-TS-LR,"[2, 5, 0, 3, 0, 0]",RA,TS,,LR,,,2,5,0,3,0,0
RA-TS-KNN,"[2, 5, 0, 4, 0, 0]",RA,TS,,KNN,,,2,5,0,4,0,0
RA-TS-DTC,"[2, 5, 0, 5, 0, 0]",RA,TS,,DTC,,,2,5,0,5,0,0
RA-TS-RFC,"[2, 5, 0, 6, 0, 0]",RA,TS,,RFC,,,2,5,0,6,0,0
RA-TS-ETC,"[2, 5, 0, 7, 0, 0]",RA,TS,,ETC,,,2,5,0,7,0,0
RA-TS-ABC,"[2, 5, 0, 8, 0, 0]",RA,TS,,ABC,,,2,5,0,8,0,0
RA-TS-GBC,"[2, 5, 0, 9, 0, 0]",RA,TS,,GBC,,,2,5,0,9,0,0
RA-TS-GNB,"[2, 5, 0, 10, 0, 0]",RA,TS,,GNB,,,2,5,0,10,0,0
RA-TS-MLP,"[2, 5, 0, 11, 0, 0]",RA,TS,,MLP,,,2,5,0,11,0,0
RA-TS-ANOVA-K-SVM,"[2, 5, 1, 1, 0, 0]",RA,TS,ANOVA-K,SVM,,,2,5,1,1,0,0
RA-TS-ANOVA-K-LDA,"[2, 5, 1, 2, 0, 0]",RA,TS,ANOVA-K,LDA,,,2,5,1,2,0,0
RA-TS-ANOVA-K-LR,"[2, 5, 1, 3, 0, 0]",RA,TS,ANOVA-K,LR,,,2,5,1,3,0,0
RA-TS-ANOVA-K-KNN,"[2, 5, 1, 4, 0, 0]",RA,TS,ANOVA-K,KNN,,,2,5,1,4,0,0
RA-TS-ANOVA-K-DTC,"[2, 5, 1, 5, 0, 0]",RA,TS,ANOVA-K,DTC,,,2,5,1,5,0,0
RA-TS-ANOVA-K-RFC,"[2, 5, 1, 6, 0, 0]",RA,TS,ANOVA-K,RFC,,,2,5,1,6,0,0
RA-TS-ANOVA-K-ETC,"[2, 5, 1, 7, 0, 0]",RA,TS,ANOVA-K,ETC,,,2,5,1,7,0,0
RA-TS-ANOVA-K-ABC,"[2, 5, 1, 8, 0, 0]",RA,TS,ANOVA-K,ABC,,,2,5,1,8,0,0
RA-TS-ANOVA-K-GBC,"[2, 5, 1, 9, 0, 0]",RA,TS,ANOVA-K,GBC,,,2,5,1,9,0,0
RA-TS-ANOVA-K-GNB,"[2, 5, 1, 10, 0, 0]",RA,TS,ANOVA-K,GNB,,,2,5,1,10,0,0
RA-TS-ANOVA-K-MLP,"[2, 5, 1, 11, 0, 0]",RA,TS,ANOVA-K,MLP,,,2,5,1,11,0,0
RA-TS-ANOVA-P-SVM,"[2, 5, 2, 1, 0, 0]",RA,TS,ANOVA-P,SVM,,,2,5,2,1,0,0
RA-TS-ANOVA-P-LDA,"[2, 5, 2, 2, 0, 0]",RA,TS,ANOVA-P,LDA,,,2,5,2,2,0,0
RA-TS-ANOVA-P-LR,"[2, 5, 2, 3, 0, 0]",RA,TS,ANOVA-P,LR,,,2,5,2,3,0,0
RA-TS-ANOVA-P-KNN,"[2, 5, 2, 4, 0, 0]",RA,TS,ANOVA-P,KNN,,,2,5,2,4,0,0
RA-TS-ANOVA-P-DTC,"[2, 5, 2, 5, 0, 0]",RA,TS,ANOVA-P,DTC,,,2,5,2,5,0,0
RA-TS-ANOVA-P-RFC,"[2, 5, 2, 6, 0, 0]",RA,TS,ANOVA-P,RFC,,,2,5,2,6,0,0
RA-TS-ANOVA-P-ETC,"[2, 5, 2, 7, 0, 0]",RA,TS,ANOVA-P,ETC,,,2,5,2,7,0,0
RA-TS-ANOVA-P-ABC,"[2, 5, 2, 8, 0, 0]",RA,TS,ANOVA-P,ABC,,,2,5,2,8,0,0
RA-TS-ANOVA-P-GBC,"[2, 5, 2, 9, 0, 0]",RA,TS,ANOVA-P,GBC,,,2,5,2,9,0,0
RA-TS-ANOVA-P-GNB,"[2, 5, 2, 10, 0, 0]",RA,TS,ANOVA-P,GNB,,,2,5,2,10,0,0
RA-TS-ANOVA-P-MLP,"[2, 5, 2, 11, 0, 0]",RA,TS,ANOVA-P,MLP,,,2,5,2,11,0,0
RA-TS-MIC-K-SVM,"[2, 5, 3, 1, 0, 0]",RA,TS,MIC-K,SVM,,,2,5,3,1,0,0
RA-TS-MIC-K-LDA,"[2, 5, 3, 2, 0, 0]",RA,TS,MIC-K,LDA,,,2,5,3,2,0,0
RA-TS-MIC-K-LR,"[2, 5, 3, 3, 0, 0]",RA,TS,MIC-K,LR,,,2,5,3,3,0,0
RA-TS-MIC-K-KNN,"[2, 5, 3, 4, 0, 0]",RA,TS,MIC-K,KNN,,,2,5,3,4,0,0
RA-TS-MIC-K-DTC,"[2, 5, 3, 5, 0, 0]",RA,TS,MIC-K,DTC,,,2,5,3,5,0,0
RA-TS-MIC-K-RFC,"[2, 5, 3, 6, 0, 0]",RA,TS,MIC-K,RFC,,,2,5,3,6,0,0
RA-TS-MIC-K-ETC,"[2, 5, 3, 7, 0, 0]",RA,TS,MIC-K,ETC,,,2,5,3,7,0,0
RA-TS-MIC-K-ABC,"[2, 5, 3, 8, 0, 0]",RA,TS,MIC-K,ABC,,,2,5,3,8,0,0
RA-TS-MIC-K-GBC,"[2, 5, 3, 9, 0, 0]",RA,TS,MIC-K,GBC,,,2,5,3,9,0,0
RA-TS-MIC-K-GNB,"[2, 5, 3, 10, 0, 0]",RA,TS,MIC-K,GNB,,,2,5,3,10,0,0
RA-TS-MIC-K-MLP,"[2, 5, 3, 11, 0, 0]",RA,TS,MIC-K,MLP,,,2,5,3,11,0,0
RA-TS-MIC-P-SVM,"[2, 5, 4, 1, 0, 0]",RA,TS,MIC-P,SVM,,,2,5,4,1,0,0
RA-TS-MIC-P-LDA,"[2, 5, 4, 2, 0, 0]",RA,TS,MIC-P,LDA,,,2,5,4,2,0,0
RA-TS-MIC-P-LR,"[2, 5, 4, 3, 0, 0]",RA,TS,MIC-P,LR,,,2,5,4,3,0,0
RA-TS-MIC-P-KNN,"[2, 5, 4, 4, 0, 0]",RA,TS,MIC-P,KNN,,,2,5,4,4,0,0
RA-TS-MIC-P-DTC,"[2, 5, 4, 5, 0, 0]",RA,TS,MIC-P,DTC,,,2,5,4,5,0,0
RA-TS-MIC-P-RFC,"[2, 5, 4, 6, 0, 0]",RA,TS,MIC-P,RFC,,,2,5,4,6,0,0
RA-TS-MIC-P-ETC,"[2, 5, 4, 7, 0, 0]",RA,TS,MIC-P,ETC,,,2,5,4,7,0,0
RA-TS-MIC-P-ABC,"[2, 5, 4, 8, 0, 0]",RA,TS,MIC-P,ABC,,,2,5,4,8,0,0
RA-TS-MIC-P-GBC,"[2, 5, 4, 9, 0, 0]",RA,TS,MIC-P,GBC,,,2,5,4,9,0,0
RA-TS-MIC-P-GNB,"[2, 5, 4, 10, 0, 0]",RA,TS,MIC-P,GNB,,,2,5,4,10,0,0
RA-TS-MIC-P-MLP,"[2, 5, 4, 11, 0, 0]",RA,TS,MIC-P,MLP,,,2,5,4,11,0,0
RA-TS-PCA-SVM,"[2, 5, 5, 1, 0, 0]",RA,TS,PCA,SVM,,,2,5,5,1,0,0
RA-TS-PCA-LDA,"[2, 5, 5, 2, 0, 0]",RA,TS,PCA,LDA,,,2,5,5,2,0,0
RA-TS-PCA-LR,"[2, 5, 5, 3, 0, 0]",RA,TS,PCA,LR,,,2,5,5,3,0,0
RA-TS-PCA-KNN,"[2, 5, 5, 4, 0, 0]",RA,TS,PCA,KNN,,,2,5,5,4,0,0
RA-TS-PCA-DTC,"[2, 5, 5, 5, 0, 0]",RA,TS,PCA,DTC,,,2,5,5,5,0,0
RA-TS-PCA-RFC,"[2, 5, 5, 6, 0, 0]",RA,TS,PCA,RFC,,,2,5,5,6,0,0
RA-TS-PCA-ETC,"[2, 5, 5, 7, 0, 0]",RA,TS,PCA,ETC,,,2,5,5,7,0,0
RA-TS-PCA-ABC,"[2, 5, 5, 8, 0, 0]",RA,TS,PCA,ABC,,,2,5,5,8,0,0
RA-TS-PCA-GBC,"[2, 5, 5, 9, 0, 0]",RA,TS,PCA,GBC,,,2,5,5,9,0,0
RA-TS-PCA-GNB,"[2, 5, 5, 10, 0, 0]",RA,TS,PCA,GNB,,,2,5,5,10,0,0
RA-TS-PCA-MLP,"[2, 5, 5, 11, 0, 0]",RA,TS,PCA,MLP,,,2,5,5,11,0,0
RA-TS-LASSO-SVM,"[2, 5, 6, 1, 0, 0]",RA,TS,LASSO,SVM,,,2,5,6,1,0,0
RA-TS-LASSO-LDA,"[2, 5, 6, 2, 0, 0]",RA,TS,LASSO,LDA,,,2,5,6,2,0,0
RA-TS-LASSO-LR,"[2, 5, 6, 3, 0, 0]",RA,TS,LASSO,LR,,,2,5,6,3,0,0
RA-TS-LASSO-KNN,"[2, 5, 6, 4, 0, 0]",RA,TS,LASSO,KNN,,,2,5,6,4,0,0
RA-TS-LASSO-DTC,"[2, 5, 6, 5, 0, 0]",RA,TS,LASSO,DTC,,,2,5,6,5,0,0
RA-TS-LASSO-RFC,"[2, 5, 6, 6, 0, 0]",RA,TS,LASSO,RFC,,,2,5,6,6,0,0
RA-TS-LASSO-ETC,"[2, 5, 6, 7, 0, 0]",RA,TS,LASSO,ETC,,,2,5,6,7,0,0
RA-TS-LASSO-ABC,"[2, 5, 6, 8, 0, 0]",RA,TS,LASSO,ABC,,,2,5,6,8,0,0
RA-TS-LASSO-GBC,"[2, 5, 6, 9, 0, 0]",RA,TS,LASSO,GBC,,,2,5,6,9,0,0
RA-TS-LASSO-GNB,"[2, 5, 6, 10, 0, 0]",RA,TS,LASSO,GNB,,,2,5,6,10,0,0
RA-TS-LASSO-MLP,"[2, 5, 6, 11, 0, 0]",RA,TS,LASSO,MLP,,,2,5,6,11,0,0
RA-TS-RFE-SVM,"[2, 5, 7, 1, 0, 0]",RA,TS,RFE,SVM,,,2,5,7,1,0,0
RA-TS-RFE-LDA,"[2, 5, 7, 2, 0, 0]",RA,TS,RFE,LDA,,,2,5,7,2,0,0
RA-TS-RFE-LR,"[2, 5, 7, 3, 0, 0]",RA,TS,RFE,LR,,,2,5,7,3,0,0
RA-TS-RFE-KNN,"[2, 5, 7, 4, 0, 0]",RA,TS,RFE,KNN,,,2,5,7,4,0,0
RA-TS-RFE-DTC,"[2, 5, 7, 5, 0, 0]",RA,TS,RFE,DTC,,,2,5,7,5,0,0
RA-TS-RFE-RFC,"[2, 5, 7, 6, 0, 0]",RA,TS,RFE,RFC,,,2,5,7,6,0,0
RA-TS-RFE-ETC,"[2, 5, 7, 7, 0, 0]",RA,TS,RFE,ETC,,,2,5,7,7,0,0
RA-TS-RFE-ABC,"[2, 5, 7, 8, 0, 0]",RA,TS,RFE,ABC,,,2,5,7,8,0,0
RA-TS-RFE-GBC,"[2, 5, 7, 9, 0, 0]",RA,TS,RFE,GBC,,,2,5,7,9,0,0
RA-TS-RFE-GNB,"[2, 5, 7, 10, 0, 0]",RA,TS,RFE,GNB,,,2,5,7,10,0,0
RA-TS-RFE-MLP,"[2, 5, 7, 11, 0, 0]",RA,TS,RFE,MLP,,,2,5,7,11,0,0
RA-TS-RFECV-SVM,"[2, 5, 8, 1, 0, 0]",RA,TS,RFECV,SVM,,,2,5,8,1,0,0
RA-TS-RFECV-LDA,"[2, 5, 8, 2, 0, 0]",RA,TS,RFECV,LDA,,,2,5,8,2,0,0
RA-TS-RFECV-LR,"[2, 5, 8, 3, 0, 0]",RA,TS,RFECV,LR,,,2,5,8,3,0,0
RA-TS-RFECV-KNN,"[2, 5, 8, 4, 0, 0]",RA,TS,RFECV,KNN,,,2,5,8,4,0,0
RA-TS-RFECV-DTC,"[2, 5, 8, 5, 0, 0]",RA,TS,RFECV,DTC,,,2,5,8,5,0,0
RA-TS-RFECV-RFC,"[2, 5, 8, 6, 0, 0]",RA,TS,RFECV,RFC,,,2,5,8,6,0,0
RA-TS-RFECV-ETC,"[2, 5, 8, 7, 0, 0]",RA,TS,RFECV,ETC,,,2,5,8,7,0,0
RA-TS-RFECV-ABC,"[2, 5, 8, 8, 0, 0]",RA,TS,RFECV,ABC,,,2,5,8,8,0,0
RA-TS-RFECV-GBC,"[2, 5, 8, 9, 0, 0]",RA,TS,RFECV,GBC,,,2,5,8,9,0,0
RA-TS-RFECV-GNB,"[2, 5, 8, 10, 0, 0]",RA,TS,RFECV,GNB,,,2,5,8,10,0,0
RA-TS-RFECV-MLP,"[2, 5, 8, 11, 0, 0]",RA,TS,RFECV,MLP,,,2,5,8,11,0,0
TLDUMMY-MDM-SVM,"[0, 3, 0, 1, 0, 0]",TLDUMMY,MDM,,SVM,,,0,3,0,1,0,0
TLDUMMY-MDM-LDA,"[0, 3, 0, 2, 0, 0]",TLDUMMY,MDM,,LDA,,,0,3,0,2,0,0
TLDUMMY-MDM-LR,"[0, 3, 0, 3, 0, 0]",TLDUMMY,MDM,,LR,,,0,3,0,3,0,0
TLDUMMY-MDM-KNN,"[0, 3, 0, 4, 0, 0]",TLDUMMY,MDM,,KNN,,,0,3,0,4,0,0
TLDUMMY-MDM-DTC,"[0, 3, 0, 5, 0, 0]",TLDUMMY,MDM,,DTC,,,0,3,0,5,0,0
TLDUMMY-MDM-RFC,"[0, 3, 0, 6, 0, 0]",TLDUMMY,MDM,,RFC,,,0,3,0,6,0,0
TLDUMMY-MDM-ETC,"[0, 3, 0, 7, 0, 0]",TLDUMMY,MDM,,ETC,,,0,3,0,7,0,0
TLDUMMY-MDM-ABC,"[0, 3, 0, 8, 0, 0]",TLDUMMY,MDM,,ABC,,,0,3,0,8,0,0
TLDUMMY-MDM-GBC,"[0, 3, 0, 9, 0, 0]",TLDUMMY,MDM,,GBC,,,0,3,0,9,0,0
TLDUMMY-MDM-GNB,"[0, 3, 0, 10, 0, 0]",TLDUMMY,MDM,,GNB,,,0,3,0,10,0,0
TLDUMMY-MDM-MLP,"[0, 3, 0, 11, 0, 0]",TLDUMMY,MDM,,MLP,,,0,3,0,11,0,0
TLDUMMY-FGMDM-SVM,"[0, 4, 0, 1, 0, 0]",TLDUMMY,FGMDM,,SVM,,,0,4,0,1,0,0
TLDUMMY-FGMDM-LDA,"[0, 4, 0, 2, 0, 0]",TLDUMMY,FGMDM,,LDA,,,0,4,0,2,0,0
TLDUMMY-FGMDM-LR,"[0, 4, 0, 3, 0, 0]",TLDUMMY,FGMDM,,LR,,,0,4,0,3,0,0
TLDUMMY-FGMDM-KNN,"[0, 4, 0, 4, 0, 0]",TLDUMMY,FGMDM,,KNN,,,0,4,0,4,0,0
TLDUMMY-FGMDM-DTC,"[0, 4, 0, 5, 0, 0]",TLDUMMY,FGMDM,,DTC,,,0,4,0,5,0,0
TLDUMMY-FGMDM-RFC,"[0, 4, 0, 6, 0, 0]",TLDUMMY,FGMDM,,RFC,,,0,4,0,6,0,0
TLDUMMY-FGMDM-ETC,"[0, 4, 0, 7, 0, 0]",TLDUMMY,FGMDM,,ETC,,,0,4,0,7,0,0
TLDUMMY-FGMDM-ABC,"[0, 4, 0, 8, 0, 0]",TLDUMMY,FGMDM,,ABC,,,0,4,0,8,0,0
TLDUMMY-FGMDM-GBC,"[0, 4, 0, 9, 0, 0]",TLDUMMY,FGMDM,,GBC,,,0,4,0,9,0,0
TLDUMMY-FGMDM-GNB,"[0, 4, 0, 10, 0, 0]",TLDUMMY,FGMDM,,GNB,,,0,4,0,10,0,0
TLDUMMY-FGMDM-MLP,"[0, 4, 0, 11, 0, 0]",TLDUMMY,FGMDM,,MLP,,,0,4,0,11,0,0
EA-MDM-SVM,"[1, 3, 0, 1, 0, 0]",EA,MDM,,SVM,,,1,3,0,1,0,0
EA-MDM-LDA,"[1, 3, 0, 2, 0, 0]",EA,MDM,,LDA,,,1,3,0,2,0,0
EA-MDM-LR,"[1, 3, 0, 3, 0, 0]",EA,MDM,,LR,,,1,3,0,3,0,0
EA-MDM-KNN,"[1, 3, 0, 4, 0, 0]",EA,MDM,,KNN,,,1,3,0,4,0,0
EA-MDM-DTC,"[1, 3, 0, 5, 0, 0]",EA,MDM,,DTC,,,1,3,0,5,0,0
EA-MDM-RFC,"[1, 3, 0, 6, 0, 0]",EA,MDM,,RFC,,,1,3,0,6,0,0
EA-MDM-ETC,"[1, 3, 0, 7, 0, 0]",EA,MDM,,ETC,,,1,3,0,7,0,0
EA-MDM-ABC,"[1, 3, 0, 8, 0, 0]",EA,MDM,,ABC,,,1,3,0,8,0,0
EA-MDM-GBC,"[1, 3, 0, 9, 0, 0]",EA,MDM,,GBC,,,1,3,0,9,0,0
EA-MDM-GNB,"[1, 3, 0, 10, 0, 0]",EA,MDM,,GNB,,,1,3,0,10,0,0
EA-MDM-MLP,"[1, 3, 0, 11, 0, 0]",EA,MDM,,MLP,,,1,3,0,11,0,0
EA-FGMDM-SVM,"[1, 4, 0, 1, 0, 0]",EA,FGMDM,,SVM,,,1,4,0,1,0,0
EA-FGMDM-LDA,"[1, 4, 0, 2, 0, 0]",EA,FGMDM,,LDA,,,1,4,0,2,0,0
EA-FGMDM-LR,"[1, 4, 0, 3, 0, 0]",EA,FGMDM,,LR,,,1,4,0,3,0,0
EA-FGMDM-KNN,"[1, 4, 0, 4, 0, 0]",EA,FGMDM,,KNN,,,1,4,0,4,0,0
EA-FGMDM-DTC,"[1, 4, 0, 5, 0, 0]",EA,FGMDM,,DTC,,,1,4,0,5,0,0
EA-FGMDM-RFC,"[1, 4, 0, 6, 0, 0]",EA,FGMDM,,RFC,,,1,4,0,6,0,0
EA-FGMDM-ETC,"[1, 4, 0, 7, 0, 0]",EA,FGMDM,,ETC,,,1,4,0,7,0,0
EA-FGMDM-ABC,"[1, 4, 0, 8, 0, 0]",EA,FGMDM,,ABC,,,1,4,0,8,0,0
EA-FGMDM-GBC,"[1, 4, 0, 9, 0, 0]",EA,FGMDM,,GBC,,,1,4,0,9,0,0
EA-FGMDM-GNB,"[1, 4, 0, 10, 0, 0]",EA,FGMDM,,GNB,,,1,4,0,10,0,0
EA-FGMDM-MLP,"[1, 4, 0, 11, 0, 0]",EA,FGMDM,,MLP,,,1,4,0,11,0,0
RA-MDM-SVM,"[2, 3, 0, 1, 0, 0]",RA,MDM,,SVM,,,2,3,0,1,0,0
RA-MDM-LDA,"[2, 3, 0, 2, 0, 0]",RA,MDM,,LDA,,,2,3,0,2,0,0
RA-MDM-LR,"[2, 3, 0, 3, 0, 0]",RA,MDM,,LR,,,2,3,0,3,0,0
RA-MDM-KNN,"[2, 3, 0, 4, 0, 0]",RA,MDM,,KNN,,,2,3,0,4,0,0
RA-MDM-DTC,"[2, 3, 0, 5, 0, 0]",RA,MDM,,DTC,,,2,3,0,5,0,0
RA-MDM-RFC,"[2, 3, 0, 6, 0, 0]",RA,MDM,,RFC,,,2,3,0,6,0,0
RA-MDM-ETC,"[2, 3, 0, 7, 0, 0]",RA,MDM,,ETC,,,2,3,0,7,0,0
RA-MDM-ABC,"[2, 3, 0, 8, 0, 0]",RA,MDM,,ABC,,,2,3,0,8,0,0
RA-MDM-GBC,"[2, 3, 0, 9, 0, 0]",RA,MDM,,GBC,,,2,3,0,9,0,0
RA-MDM-GNB,"[2, 3, 0, 10, 0, 0]",RA,MDM,,GNB,,,2,3,0,10,0,0
RA-MDM-MLP,"[2, 3, 0, 11, 0, 0]",RA,MDM,,MLP,,,2,3,0,11,0,0
RA-FGMDM-SVM,"[2, 4, 0, 1, 0, 0]",RA,FGMDM,,SVM,,,2,4,0,1,0,0
RA-FGMDM-LDA,"[2, 4, 0, 2, 0, 0]",RA,FGMDM,,LDA,,,2,4,0,2,0,0
RA-FGMDM-LR,"[2, 4, 0, 3, 0, 0]",RA,FGMDM,,LR,,,2,4,0,3,0,0
RA-FGMDM-KNN,"[2, 4, 0, 4, 0, 0]",RA,FGMDM,,KNN,,,2,4,0,4,0,0
RA-FGMDM-DTC,"[2, 4, 0, 5, 0, 0]",RA,FGMDM,,DTC,,,2,4,0,5,0,0
RA-FGMDM-RFC,"[2, 4, 0, 6, 0, 0]",RA,FGMDM,,RFC,,,2,4,0,6,0,0
RA-FGMDM-ETC,"[2, 4, 0, 7, 0, 0]",RA,FGMDM,,ETC,,,2,4,0,7,0,0
RA-FGMDM-ABC,"[2, 4, 0, 8, 0, 0]",RA,FGMDM,,ABC,,,2,4,0,8,0,0
RA-FGMDM-GBC,"[2, 4, 0, 9, 0, 0]",RA,FGMDM,,GBC,,,2,4,0,9,0,0
RA-FGMDM-GNB,"[2, 4, 0, 10, 0, 0]",RA,FGMDM,,GNB,,,2,4,0,10,0,0
RA-FGMDM-MLP,"[2, 4, 0, 11, 0, 0]",RA,FGMDM,,MLP,,,2,4,0,11,0,0
TLDUMMY-RKNN,"[0, 0, 0, 0, 1, 0]",TLDUMMY,,,,RKNN,,0,0,0,0,1,0
TLDUMMY-RKSVM,"[0, 0, 0, 0, 2, 0]",TLDUMMY,,,,RKSVM,,0,0,0,0,2,0
TLDUMMY-ABC-MDM,"[0, 0, 0, 0, 3, 0]",TLDUMMY,,,,ABC-MDM,,0,0,0,0,3,0
TLDUMMY-ABC-FGMDM,"[0, 0, 0, 0, 4, 0]",TLDUMMY,,,,ABC-FGMDM,,0,0,0,0,4,0
TLDUMMY-ABC-TS-LDA,"[0, 0, 0, 0, 5, 0]",TLDUMMY,,,,ABC-TS-LDA,,0,0,0,0,5,0
TLDUMMY-ABC-TS-LR,"[0, 0, 0, 0, 6, 0]",TLDUMMY,,,,ABC-TS-LR,,0,0,0,0,6,0
TLDUMMY-ABC-TS-SVM,"[0, 0, 0, 0, 7, 0]",TLDUMMY,,,,ABC-TS-SVM,,0,0,0,0,7,0
TLDUMMY-ABC-TS-MIC-K-LDA,"[0, 0, 0, 0, 8, 0]",TLDUMMY,,,,ABC-TS-MIC-K-LDA,,0,0,0,0,8,0
TLDUMMY-ABC-TS-MIC-K-LR,"[0, 0, 0, 0, 9, 0]",TLDUMMY,,,,ABC-TS-MIC-K-LR,,0,0,0,0,9,0
TLDUMMY-ABC-TS-MIC-K-SVM,"[0, 0, 0, 0, 10, 0]",TLDUMMY,,,,ABC-TS-MIC-K-SVM,,0,0,0,0,10,0
TLDUMMY-ABC-TS-MIC-P-LDA,"[0, 0, 0, 0, 11, 0]",TLDUMMY,,,,ABC-TS-MIC-P-LDA,,0,0,0,0,11,0
TLDUMMY-ABC-TS-MIC-P-LR,"[0, 0, 0, 0, 12, 0]",TLDUMMY,,,,ABC-TS-MIC-P-LR,,0,0,0,0,12,0
TLDUMMY-ABC-TS-MIC-P-SVM,"[0, 0, 0, 0, 13, 0]",TLDUMMY,,,,ABC-TS-MIC-P-SVM,,0,0,0,0,13,0
TLDUMMY-ABC-TS-PCA-LDA,"[0, 0, 0, 0, 14, 0]",TLDUMMY,,,,ABC-TS-PCA-LDA,,0,0,0,0,14,0
TLDUMMY-ABC-TS-PCA-LR,"[0, 0, 0, 0, 15, 0]",TLDUMMY,,,,ABC-TS-PCA-LR,,0,0,0,0,15,0
TLDUMMY-ABC-TS-PCA-SVM,"[0, 0, 0, 0, 16, 0]",TLDUMMY,,,,ABC-TS-PCA-SVM,,0,0,0,0,16,0
TLDUMMY-ABC-TS-LASSO-LDA,"[0, 0, 0, 0, 17, 0]",TLDUMMY,,,,ABC-TS-LASSO-LDA,,0,0,0,0,17,0
TLDUMMY-ABC-TS-LASSO-LR,"[0, 0, 0, 0, 18, 0]",TLDUMMY,,,,ABC-TS-LASSO-LR,,0,0,0,0,18,0
TLDUMMY-ABC-TS-LASSO-SVM,"[0, 0, 0, 0, 19, 0]",TLDUMMY,,,,ABC-TS-LASSO-SVM,,0,0,0,0,19,0
TLDUMMY-ABC-TS-RFE-LDA,"[0, 0, 0, 0, 20, 0]",TLDUMMY,,,,ABC-TS-RFE-LDA,,0,0,0,0,20,0
TLDUMMY-ABC-TS-RFE-LR,"[0, 0, 0, 0, 21, 0]",TLDUMMY,,,,ABC-TS-RFE-LR,,0,0,0,0,21,0
TLDUMMY-ABC-TS-RFE-SVM,"[0, 0, 0, 0, 22, 0]",TLDUMMY,,,,ABC-TS-RFE-SVM,,0,0,0,0,22,0
TLDUMMY-ABC-TS-RFECV-LDA,"[0, 0, 0, 0, 23, 0]",TLDUMMY,,,,ABC-TS-RFECV-LDA,,0,0,0,0,23,0
TLDUMMY-ABC-TS-RFECV-LR,"[0, 0, 0, 0, 24, 0]",TLDUMMY,,,,ABC-TS-RFECV-LR,,0,0,0,0,24,0
TLDUMMY-ABC-TS-RFECV-SVM,"[0, 0, 0, 0, 25, 0]",TLDUMMY,,,,ABC-TS-RFECV-SVM,,0,0,0,0,25,0
TLDUMMY-ABC-TS-ANOVA-K-LDA,"[0, 0, 0, 0, 26, 0]",TLDUMMY,,,,ABC-TS-ANOVA-K-LDA,,0,0,0,0,26,0
TLDUMMY-ABC-TS-ANOVA-K-LR,"[0, 0, 0, 0, 27, 0]",TLDUMMY,,,,ABC-TS-ANOVA-K-LR,,0,0,0,0,27,0
TLDUMMY-ABC-TS-ANOVA-K-SVM,"[0, 0, 0, 0, 28, 0]",TLDUMMY,,,,ABC-TS-ANOVA-K-SVM,,0,0,0,0,28,0
TLDUMMY-ABC-TS-ANOVA-P-LDA,"[0, 0, 0, 0, 29, 0]",TLDUMMY,,,,ABC-TS-ANOVA-P-LDA,,0,0,0,0,29,0
TLDUMMY-ABC-TS-ANOVA-P-LR,"[0, 0, 0, 0, 30, 0]",TLDUMMY,,,,ABC-TS-ANOVA-P-LR,,0,0,0,0,30,0
TLDUMMY-ABC-TS-ANOVA-P-SVM,"[0, 0, 0, 0, 31, 0]",TLDUMMY,,,,ABC-TS-ANOVA-P-SVM,,0,0,0,0,31,0
EA-RKNN,"[1, 0, 0, 0, 1, 0]",EA,,,,RKNN,,1,0,0,0,1,0
EA-RKSVM,"[1, 0, 0, 0, 2, 0]",EA,,,,RKSVM,,1,0,0,0,2,0
EA-ABC-MDM,"[1, 0, 0, 0, 3, 0]",EA,,,,ABC-MDM,,1,0,0,0,3,0
EA-ABC-FGMDM,"[1, 0, 0, 0, 4, 0]",EA,,,,ABC-FGMDM,,1,0,0,0,4,0
EA-ABC-TS-LDA,"[1, 0, 0, 0, 5, 0]",EA,,,,ABC-TS-LDA,,1,0,0,0,5,0
EA-ABC-TS-LR,"[1, 0, 0, 0, 6, 0]",EA,,,,ABC-TS-LR,,1,0,0,0,6,0
EA-ABC-TS-SVM,"[1, 0, 0, 0, 7, 0]",EA,,,,ABC-TS-SVM,,1,0,0,0,7,0
EA-ABC-TS-MIC-K-LDA,"[1, 0, 0, 0, 8, 0]",EA,,,,ABC-TS-MIC-K-LDA,,1,0,0,0,8,0
EA-ABC-TS-MIC-K-LR,"[1, 0, 0, 0, 9, 0]",EA,,,,ABC-TS-MIC-K-LR,,1,0,0,0,9,0
EA-ABC-TS-MIC-K-SVM,"[1, 0, 0, 0, 10, 0]",EA,,,,ABC-TS-MIC-K-SVM,,1,0,0,0,10,0
EA-ABC-TS-MIC-P-LDA,"[1, 0, 0, 0, 11, 0]",EA,,,,ABC-TS-MIC-P-LDA,,1,0,0,0,11,0
EA-ABC-TS-MIC-P-LR,"[1, 0, 0, 0, 12, 0]",EA,,,,ABC-TS-MIC-P-LR,,1,0,0,0,12,0
EA-ABC-TS-MIC-P-SVM,"[1, 0, 0, 0, 13, 0]",EA,,,,ABC-TS-MIC-P-SVM,,1,0,0,0,13,0
EA-ABC-TS-PCA-LDA,"[1, 0, 0, 0, 14, 0]",EA,,,,ABC-TS-PCA-LDA,,1,0,0,0,14,0
EA-ABC-TS-PCA-LR,"[1, 0, 0, 0, 15, 0]",EA,,,,ABC-TS-PCA-LR,,1,0,0,0,15,0
EA-ABC-TS-PCA-SVM,"[1, 0, 0, 0, 16, 0]",EA,,,,ABC-TS-PCA-SVM,,1,0,0,0,16,0
EA-ABC-TS-LASSO-LDA,"[1, 0, 0, 0, 17, 0]",EA,,,,ABC-TS-LASSO-LDA,,1,0,0,0,17,0
EA-ABC-TS-LASSO-LR,"[1, 0, 0, 0, 18, 0]",EA,,,,ABC-TS-LASSO-LR,,1,0,0,0,18,0
EA-ABC-TS-LASSO-SVM,"[1, 0, 0, 0, 19, 0]",EA,,,,ABC-TS-LASSO-SVM,,1,0,0,0,19,0
EA-ABC-TS-RFE-LDA,"[1, 0, 0, 0, 20, 0]",EA,,,,ABC-TS-RFE-LDA,,1,0,0,0,20,0
EA-ABC-TS-RFE-LR,"[1, 0, 0, 0, 21, 0]",EA,,,,ABC-TS-RFE-LR,,1,0,0,0,21,0
EA-ABC-TS-RFE-SVM,"[1, 0, 0, 0, 22, 0]",EA,,,,ABC-TS-RFE-SVM,,1,0,0,0,22,0
EA-ABC-TS-RFECV-LDA,"[1, 0, 0, 0, 23, 0]",EA,,,,ABC-TS-RFECV-LDA,,1,0,0,0,23,0
EA-ABC-TS-RFECV-LR,"[1, 0, 0, 0, 24, 0]",EA,,,,ABC-TS-RFECV-LR,,1,0,0,0,24,0
EA-ABC-TS-RFECV-SVM,"[1, 0, 0, 0, 25, 0]",EA,,,,ABC-TS-RFECV-SVM,,1,0,0,0,25,0
EA-ABC-TS-ANOVA-K-LDA,"[1, 0, 0, 0, 26, 0]",EA,,,,ABC-TS-ANOVA-K-LDA,,1,0,0,0,26,0
EA-ABC-TS-ANOVA-K-LR,"[1, 0, 0, 0, 27, 0]",EA,,,,ABC-TS-ANOVA-K-LR,,1,0,0,0,27,0
EA-ABC-TS-ANOVA-K-SVM,"[1, 0, 0, 0, 28, 0]",EA,,,,ABC-TS-ANOVA-K-SVM,,1,0,0,0,28,0
EA-ABC-TS-ANOVA-P-LDA,"[1, 0, 0, 0, 29, 0]",EA,,,,ABC-TS-ANOVA-P-LDA,,1,0,0,0,29,0
EA-ABC-TS-ANOVA-P-LR,"[1, 0, 0, 0, 30, 0]",EA,,,,ABC-TS-ANOVA-P-LR,,1,0,0,0,30,0
EA-ABC-TS-ANOVA-P-SVM,"[1, 0, 0, 0, 31, 0]",EA,,,,ABC-TS-ANOVA-P-SVM,,1,0,0,0,31,0
RA-RKNN,"[2, 0, 0, 0, 1, 0]",RA,,,,RKNN,,2,0,0,0,1,0
RA-RKSVM,"[2, 0, 0, 0, 2, 0]",RA,,,,RKSVM,,2,0,0,0,2,0
RA-ABC-MDM,"[2, 0, 0, 0, 3, 0]",RA,,,,ABC-MDM,,2,0,0,0,3,0
RA-ABC-FGMDM,"[2, 0, 0, 0, 4, 0]",RA,,,,ABC-FGMDM,,2,0,0,0,4,0
RA-ABC-TS-LDA,"[2, 0, 0, 0, 5, 0]",RA,,,,ABC-TS-LDA,,2,0,0,0,5,0
RA-ABC-TS-LR,"[2, 0, 0, 0, 6, 0]",RA,,,,ABC-TS-LR,,2,0,0,0,6,0
RA-ABC-TS-SVM,"[2, 0, 0, 0, 7, 0]",RA,,,,ABC-TS-SVM,,2,0,0,0,7,0
RA-ABC-TS-MIC-K-LDA,"[2, 0, 0, 0, 8, 0]",RA,,,,ABC-TS-MIC-K-LDA,,2,0,0,0,8,0
RA-ABC-TS-MIC-K-LR,"[2, 0, 0, 0, 9, 0]",RA,,,,ABC-TS-MIC-K-LR,,2,0,0,0,9,0
RA-ABC-TS-MIC-K-SVM,"[2, 0, 0, 0, 10, 0]",RA,,,,ABC-TS-MIC-K-SVM,,2,0,0,0,10,0
RA-ABC-TS-MIC-P-LDA,"[2, 0, 0, 0, 11, 0]",RA,,,,ABC-TS-MIC-P-LDA,,2,0,0,0,11,0
RA-ABC-TS-MIC-P-LR,"[2, 0, 0, 0, 12, 0]",RA,,,,ABC-TS-MIC-P-LR,,2,0,0,0,12,0
RA-ABC-TS-MIC-P-SVM,"[2, 0, 0, 0, 13, 0]",RA,,,,ABC-TS-MIC-P-SVM,,2,0,0,0,13,0
RA-ABC-TS-PCA-LDA,"[2, 0, 0, 0, 14, 0]",RA,,,,ABC-TS-PCA-LDA,,2,0,0,0,14,0
RA-ABC-TS-PCA-LR,"[2, 0, 0, 0, 15, 0]",RA,,,,ABC-TS-PCA-LR,,2,0,0,0,15,0
RA-ABC-TS-PCA-SVM,"[2, 0, 0, 0, 16, 0]",RA,,,,ABC-TS-PCA-SVM,,2,0,0,0,16,0
RA-ABC-TS-LASSO-LDA,"[2, 0, 0, 0, 17, 0]",RA,,,,ABC-TS-LASSO-LDA,,2,0,0,0,17,0
RA-ABC-TS-LASSO-LR,"[2, 0, 0, 0, 18, 0]",RA,,,,ABC-TS-LASSO-LR,,2,0,0,0,18,0
RA-ABC-TS-LASSO-SVM,"[2, 0, 0, 0, 19, 0]",RA,,,,ABC-TS-LASSO-SVM,,2,0,0,0,19,0
RA-ABC-TS-RFE-LDA,"[2, 0, 0, 0, 20, 0]",RA,,,,ABC-TS-RFE-LDA,,2,0,0,0,20,0
RA-ABC-TS-RFE-LR,"[2, 0, 0, 0, 21, 0]",RA,,,,ABC-TS-RFE-LR,,2,0,0,0,21,0
RA-ABC-TS-RFE-SVM,"[2, 0, 0, 0, 22, 0]",RA,,,,ABC-TS-RFE-SVM,,2,0,0,0,22,0
RA-ABC-TS-RFECV-LDA,"[2, 0, 0, 0, 23, 0]",RA,,,,ABC-TS-RFECV-LDA,,2,0,0,0,23,0
RA-ABC-TS-RFECV-LR,"[2, 0, 0, 0, 24, 0]",RA,,,,ABC-TS-RFECV-LR,,2,0,0,0,24,0
RA-ABC-TS-RFECV-SVM,"[2, 0, 0, 0, 25, 0]",RA,,,,ABC-TS-RFECV-SVM,,2,0,0,0,25,0
RA-ABC-TS-ANOVA-K-LDA,"[2, 0, 0, 0, 26, 0]",RA,,,,ABC-TS-ANOVA-K-LDA,,2,0,0,0,26,0
RA-ABC-TS-ANOVA-K-LR,"[2, 0, 0, 0, 27, 0]",RA,,,,ABC-TS-ANOVA-K-LR,,2,0,0,0,27,0
RA-ABC-TS-ANOVA-K-SVM,"[2, 0, 0, 0, 28, 0]",RA,,,,ABC-TS-ANOVA-K-SVM,,2,0,0,0,28,0
RA-ABC-TS-ANOVA-P-LDA,"[2, 0, 0, 0, 29, 0]",RA,,,,ABC-TS-ANOVA-P-LDA,,2,0,0,0,29,0
RA-ABC-TS-ANOVA-P-LR,"[2, 0, 0, 0, 30, 0]",RA,,,,ABC-TS-ANOVA-P-LR,,2,0,0,0,30,0
RA-ABC-TS-ANOVA-P-SVM,"[2, 0, 0, 0, 31, 0]",RA,,,,ABC-TS-ANOVA-P-SVM,,2,0,0,0,31,0
TLDUMMY-TRCA,"[0, 0, 0, 0, 0, 1]",TLDUMMY,,,,,TRCA,0,0,0,0,0,1
TLDUMMY-DCPM,"[0, 0, 0, 0, 0, 2]",TLDUMMY,,,,,DCPM,0,0,0,0,0,2
TLDUMMY-SBLEST,"[0, 0, 0, 0, 0, 3]",TLDUMMY,,,,,SBLEST,0,0,0,0,0,3
EA-TRCA,"[1, 0, 0, 0, 0, 1]",EA,,,,,TRCA,1,0,0,0,0,1
EA-DCPM,"[1, 0, 0, 0, 0, 2]",EA,,,,,DCPM,1,0,0,0,0,2
EA-SBLEST,"[1, 0, 0, 0, 0, 3]",EA,,,,,SBLEST,1,0,0,0,0,3
RA-TRCA,"[2, 0, 0, 0, 0, 1]",RA,,,,,TRCA,2,0,0,0,0,1
RA-DCPM,"[2, 0, 0, 0, 0, 2]",RA,,,,,DCPM,2,0,0,0,0,2
RA-SBLEST,"[2, 0, 0, 0, 0, 3]",RA,,,,,SBLEST,2,0,0,0,0,3
